AssetId,AssetTag,SerialNumber,Manufacturer,Model,AssetCategoryId,DepartmentId,PurchaseDate,PurchasePrice,BookValue,VendorId,Status,Condition,RoomId,WarrantyExpiration,IsUnderWarranty,Description,LastAuditDate,RecordStatus
1,CNT-000001,CAM-AXI-2023-00001,Axis,P3245-V,21,44,2023-05-08,490.17,337.81,35,Active,Poor,190,2028-05-06,True,Asset Axis P3245-V - CNT-000001,2023-02-02,Active
2,CNT-000002,SRV-HP-2022-00002,HP,ProLiant DL380 Gen10,3,45,2022-10-01,27449.8,18468.66,27,Active,Excellent,140,2027-09-30,True,Asset HP ProLiant DL380 Gen10 - CNT-000002,2023-10-12,Active
3,CNT-000003,KBM-MIC-2020-00003,Microsoft,150 Wireless Combo,25,7,2020-05-05,93.06,66.15,25,Active,Fair,24,2022-05-05,False,Asset Microsoft 150 Wireless Combo - CNT-000003,2023-12-19,Active
4,CNT-000004,SWL-MIC-2022-00004,Microsoft,SAP S/4HANA,26,41,2022-02-13,486.12,162.63,24,Repair,Good,159,2025-02-12,True,Asset Microsoft SAP S/4HANA - CNT-000004,2023-03-13,Active
5,CNT-000005,ACS-LEN-2018-00005,Lenel,iSTAR Ultra,22,41,2018-04-28,572.7,184.63,11,Assigned,Fair,94,2023-04-27,False,Asset Lenel iSTAR Ultra - CNT-000005,2023-08-03,Active
6,CNT-000006,EHD-SEA-2022-00006,Seagate,My Passport 4TB,23,41,2022-12-08,115.95,46.79,36,Active,Fair,177,2024-12-07,True,Asset Seagate My Passport 4TB - CNT-000006,2023-02-27,Active
7,CNT-000007,TST-FLU-2021-00007,Fluke,DSO-X 3024T,27,46,2021-05-03,3559.25,3040.77,14,Reserved,Excellent,81,2026-05-02,False,Asset Fluke DSO-X 3024T - CNT-000007,2024-02-10,Active
8,CNT-000008,PRN-CAN-2019-00008,Canon,VersaLink C405,5,28,2019-12-18,4450.13,3104.46,26,Assigned,Good,150,2022-12-17,False,Asset Canon VersaLink C405 - CNT-000008,2023-05-22,Active
9,CNT-000009,SRV-DEL-2019-00009,Dell,PowerEdge R750,3,5,2019-11-06,36683.17,16057.25,25,Repair,Excellent,99,2024-11-04,True,Asset Dell PowerEdge R750 - CNT-000009,2023-09-15,Active
10,CNT-000010,ACS-HID-2024-00010,HID,iSTAR Ultra,22,30,2024-11-11,601.19,269.22,47,Retired,Fair,1,2029-11-10,True,Asset HID iSTAR Ultra - CNT-000010,2024-05-27,Active
11,CNT-000011,FIL-STE-2024-00011,Steelcase,36W 2-Drawer,17,49,2024-11-17,545.83,121.32,35,Disposed,Good,42,2031-11-16,False,Asset Steelcase 36W 2-Drawer - CNT-000011,2023-01-01,Active
12,CNT-000012,CHR-STE-2020-00012,Steelcase,Gesture Chair,16,6,2020-05-08,398.47,319.74,47,Assigned,Good,22,2025-05-07,True,Asset Steelcase Gesture Chair - CNT-000012,2023-05-09,Active
13,CNT-000013,ACS-HON-2020-00013,Honeywell,PD-REX,22,35,2020-09-28,1937.8,1688.77,47,Retired,Good,194,2025-09-27,False,Asset Honeywell PD-REX - CNT-000013,2023-11-16,Active
14,CNT-000014,ACS-SOF-2022-00014,Software House,OmniAssure,22,2,2022-08-04,969.35,146.59,36,Active,Good,151,2027-08-03,True,Asset Software House OmniAssure - CNT-000014,2023-01-08,Active
15,CNT-000015,EHD-SEA-2018-00015,Seagate,My Passport 4TB,23,18,2018-01-28,152.69,78.07,32,Active,Good,172,2020-01-28,False,Asset Seagate My Passport 4TB - CNT-000015,2023-05-16,Active
16,CNT-000016,TAB-LEN-2019-00016,Lenovo,ThinkPad X12,8,27,2019-02-04,1124.88,431.32,47,Active,Good,120,2021-02-03,False,Asset Lenovo ThinkPad X12 - CNT-000016,2023-03-04,Active
17,CNT-000017,DCK-LEN-2019-00017,Lenovo,WD22TB4,24,12,2019-04-07,391.33,83.02,30,Active,Good,72,2021-04-06,True,Asset Lenovo WD22TB4 - CNT-000017,2024-03-29,Active
18,CNT-000018,DKT-DEL-2024-00018,Dell,OptiPlex 7010,2,26,2024-04-06,1372.19,665.63,11,Assigned,Excellent,16,2027-04-06,False,Asset Dell OptiPlex 7010 - CNT-000018,2024-02-04,Active
19,CNT-000019,RCK-MID-2021-00019,Middle Atlantic,N-Type 42U,30,46,2021-12-24,7965.67,4338.22,10,Active,Fair,125,2028-12-22,True,Asset Middle Atlantic N-Type 42U - CNT-000019,2023-08-11,Active
20,CNT-000020,SCN-FUJ-2018-00020,Fujitsu,WorkForce ES-580W,19,34,2018-01-19,1535.01,1282.52,4,Maintenance,Good,41,2021-01-18,True,Asset Fujitsu WorkForce ES-580W - CNT-000020,2023-07-10,Active
21,CNT-000021,LBL-ZEB-2021-00021,Zebra,DYMO LabelWriter 550,20,40,2021-02-19,272.35,156.77,27,Reserved,Good,21,2024-02-19,False,Asset Zebra DYMO LabelWriter 550 - CNT-000021,2023-11-20,Active
22,CNT-000022,MOB-GOO-2020-00022,Google Pixel,Galaxy S24,7,21,2020-07-05,970.18,329.86,5,Active,Excellent,193,2022-07-05,True,Asset Google Pixel Galaxy S24 - CNT-000022,2023-04-13,Active
23,CNT-000023,WBD-LEG-2019-00023,Legamaster,Flip Pro 55,18,11,2019-06-03,4492.94,1777.5,35,Retired,Fair,113,2024-06-01,False,Asset Legamaster Flip Pro 55 - CNT-000023,2023-01-09,Active
24,CNT-000024,RCK-APC-2020-00024,APC,VR3307,30,19,2020-02-04,6068.13,1361.44,14,Retired,Fair,155,2027-02-02,False,Asset APC VR3307 - CNT-000024,2023-07-28,Active
25,CNT-000025,FIL-LOR-2024-00025,Lorell,36W 2-Drawer,17,3,2024-01-03,562.28,429.29,22,Disposed,Good,1,2031-01-01,True,Asset Lorell 36W 2-Drawer - CNT-000025,2023-09-26,Active
26,CNT-000026,DCK-TAR-2022-00026,Targus,USB-C Docking Station,24,10,2022-01-04,183.86,148.28,3,Lost,Fair,140,2024-01-04,False,Asset Targus USB-C Docking Station - CNT-000026,2023-06-01,Active
27,CNT-000027,PRN-HP-2020-00027,HP,imageRUNNER 1643i,5,7,2020-01-12,1917.59,574.56,50,Maintenance,Poor,91,2023-01-11,True,Asset HP imageRUNNER 1643i - CNT-000027,2023-06-08,Active
28,CNT-000028,HHS-HON-2021-00028,Honeywell,CT40 XP,28,27,2021-01-06,936.56,342.55,48,Disposed,Good,172,2023-01-06,True,Asset Honeywell CT40 XP - CNT-000028,2023-10-01,Active
29,CNT-000029,SWL-MIC-2024-00029,Microsoft,SAP S/4HANA,26,30,2024-01-28,2406.38,624.84,20,Lost,Good,90,2027-01-27,True,Asset Microsoft SAP S/4HANA - CNT-000029,2023-08-17,Active
30,CNT-000030,ACS-LEN-2020-00030,Lenel,OmniAssure,22,23,2020-05-28,487.44,350.3,33,Assigned,Good,165,2025-05-27,True,Asset Lenel OmniAssure - CNT-000030,2023-12-06,Active
31,CNT-000031,MON-LG-2022-00031,LG,E27 G5,4,47,2022-05-02,308.4,138.06,28,Repair,Good,81,2025-05-01,False,Asset LG E27 G5 - CNT-000031,2023-04-29,Active
32,CNT-000032,DSG-LG-2018-00032,LG,MultiSync C651Q,29,35,2018-12-14,507.61,426.63,47,Retired,Good,176,2023-12-13,False,Asset LG MultiSync C651Q - CNT-000032,2024-01-08,Active
33,CNT-000033,SRV-LEN-2020-00033,Lenovo,SuperServer 2029U,3,33,2020-11-28,9985.01,8188.08,43,Assigned,Fair,80,2025-11-27,False,Asset Lenovo SuperServer 2029U - CNT-000033,2024-02-17,Active
34,CNT-000034,WBD-LEG-2021-00034,Legamaster,SMART Board MX265,18,40,2021-11-13,3644.74,2996.87,20,Assigned,Good,146,2026-11-12,False,Asset Legamaster SMART Board MX265 - CNT-000034,2023-01-01,Active
35,CNT-000035,UPS-EAT-2024-00035,Eaton,GXT5 3000VA,10,29,2024-10-20,3377.12,1593.97,14,Maintenance,Excellent,173,2029-10-19,True,Asset Eaton GXT5 3000VA - CNT-000035,2023-06-23,Active
36,CNT-000036,UPS-TRI-2024-00036,Tripp Lite,Smart-UPS 1500VA,10,10,2024-04-22,1758.97,1310.87,3,Active,Excellent,7,2029-04-21,False,Asset Tripp Lite Smart-UPS 1500VA - CNT-000036,2023-03-16,Active
37,CNT-000037,AUD-PLA-2021-00037,Plantronics,MXA920,14,49,2021-07-08,203.3,132.16,7,Disposed,Poor,198,2024-07-07,True,Asset Plantronics MXA920 - CNT-000037,2023-08-13,Active
38,CNT-000038,SWL-SAP-2022-00038,SAP,Microsoft 365 E3,26,30,2022-04-28,694.66,143.57,34,Maintenance,Fair,171,2025-04-27,False,Asset SAP Microsoft 365 E3 - CNT-000038,2024-03-29,Active
39,CNT-000039,TST-ROH-2023-00039,Rohde & Schwarz,TDS3034C,27,41,2023-08-15,4258.28,1268.08,50,Disposed,Good,71,2028-08-13,True,Asset Rohde & Schwarz TDS3034C - CNT-000039,2024-05-11,Active
40,CNT-000040,STR-SEA-2023-00040,Seagate,AFF A400,9,35,2023-05-08,23193.78,8251.6,9,Active,Good,21,2028-05-06,True,Asset Seagate AFF A400 - CNT-000040,2024-01-28,Active
41,CNT-000041,EHD-WD-2021-00041,WD,One Touch 5TB,23,14,2021-07-11,199.37,86.25,25,Disposed,Excellent,108,2023-07-11,False,Asset WD One Touch 5TB - CNT-000041,2024-01-25,Active
42,CNT-000042,LAP-LEN-2024-00042,Lenovo,ThinkPad X1 Carbon,1,35,2024-07-28,3207.43,2465.18,48,Maintenance,Good,192,2026-07-28,True,Asset Lenovo ThinkPad X1 Carbon - CNT-000042,2024-05-14,Active
43,CNT-000043,STR-SEA-2018-00043,Seagate,IronWolf Pro 20TB,9,47,2018-07-11,54172.14,40006.88,30,Active,Good,43,2023-07-10,False,Asset Seagate IronWolf Pro 20TB - CNT-000043,2023-01-28,Active
44,CNT-000044,SCN-FUJ-2023-00044,Fujitsu,fi-7300NX,19,17,2023-07-05,2627.18,644.67,21,Active,Excellent,98,2026-07-04,False,Asset Fujitsu fi-7300NX - CNT-000044,2023-12-01,Active
45,CNT-000045,KBM-HP-2024-00045,HP,Magic Keyboard,25,48,2024-07-09,216.98,103.34,4,Assigned,Good,139,2026-07-09,True,Asset HP Magic Keyboard - CNT-000045,2023-03-12,Active
46,CNT-000046,KBM-LOG-2019-00046,Logitech,Ergonomic Desktop,25,43,2019-01-20,80.48,16.17,37,Active,Excellent,30,2021-01-19,False,Asset Logitech Ergonomic Desktop - CNT-000046,2023-09-20,Active
47,CNT-000047,NET-UBI-2023-00047,Ubiquiti,UniFi Switch Pro 48,6,20,2023-12-04,11777.98,2720.86,38,Active,Fair,28,2028-12-02,False,Asset Ubiquiti UniFi Switch Pro 48 - CNT-000047,2024-01-20,Active
48,CNT-000048,EHD-WD-2022-00048,WD,One Touch 5TB,23,50,2022-12-27,217.99,39.57,44,Repair,Good,78,2024-12-26,False,Asset WD One Touch 5TB - CNT-000048,2023-02-12,Active
49,CNT-000049,WBD-MIC-2018-00049,Microsoft Surface Hub,Flip Pro 55,18,32,2018-09-21,2233.17,1741.11,28,Assigned,Excellent,28,2023-09-20,False,Asset Microsoft Surface Hub Flip Pro 55 - CNT-000049,2023-06-06,Active
50,CNT-000050,NET-UBI-2022-00050,Ubiquiti,FortiSwitch 148E-POE,6,47,2022-09-25,7510.71,3368.25,18,Assigned,Good,152,2027-09-24,False,Asset Ubiquiti FortiSwitch 148E-POE - CNT-000050,2023-03-30,Active
51,CNT-000051,DSG-PLA-2024-00051,Planar,C651Q,29,2,2024-08-19,3246.49,1308.96,21,Active,Excellent,127,2029-08-18,False,Asset Planar C651Q - CNT-000051,2023-08-06,Active
52,CNT-000052,SWL-AUT-2020-00052,Autodesk,AutoCAD 2024,26,34,2020-10-23,4412.53,2403.21,6,Active,Poor,49,2023-10-23,True,Asset Autodesk AutoCAD 2024 - CNT-000052,2024-05-15,Active
53,CNT-000053,EHD-SAM-2021-00053,Samsung,T7 Shield 2TB,23,16,2021-01-03,144.73,61.3,43,Repair,Fair,79,2023-01-03,False,Asset Samsung T7 Shield 2TB - CNT-000053,2024-04-29,Active
54,CNT-000054,AUD-LOG-2023-00054,Logitech,Zone 900,14,47,2023-08-09,314.64,89.49,21,Active,Good,50,2026-08-08,True,Asset Logitech Zone 900 - CNT-000054,2023-07-09,Active
55,CNT-000055,MOB-MOT-2023-00055,Motorola,Pixel 8 Pro,7,7,2023-10-25,867.25,283.07,19,Active,Fair,50,2025-10-24,False,Asset Motorola Pixel 8 Pro - CNT-000055,2023-07-03,Active
56,CNT-000056,LAP-MIC-2020-00056,Microsoft Surface,XPS 15,1,9,2020-01-02,2294.07,1509.35,49,Assigned,Good,164,2022-01-01,False,Asset Microsoft Surface XPS 15 - CNT-000056,2023-01-13,Active
57,CNT-000057,CHR-HUM-2020-00057,Humanscale,Liberty Chair,16,8,2020-03-02,729.21,575.62,26,Assigned,Good,17,2025-03-01,True,Asset Humanscale Liberty Chair - CNT-000057,2023-02-24,Active
58,CNT-000058,PRN-KON-2018-00058,Konica Minolta,imageRUNNER 1643i,5,39,2018-04-04,4597.16,1990.29,15,Disposed,Good,159,2021-04-03,False,Asset Konica Minolta imageRUNNER 1643i - CNT-000058,2024-01-25,Active
59,CNT-000059,RCK-MID-2024-00059,Middle Atlantic,N-Type 42U,30,40,2024-10-14,2790.35,1665.34,7,Disposed,Good,190,2031-10-13,False,Asset Middle Atlantic N-Type 42U - CNT-000059,2023-08-05,Active
60,CNT-000060,ACS-HID-2019-00060,HID,PD-REX,22,29,2019-03-18,502.68,51.34,39,Assigned,Fair,177,2024-03-16,True,Asset HID PD-REX - CNT-000060,2023-02-03,Active
61,CNT-000061,UPS-TRI-2018-00061,Tripp Lite,GXT5 3000VA,10,41,2018-11-08,4642.38,3390.16,43,Disposed,Good,151,2023-11-07,True,Asset Tripp Lite GXT5 3000VA - CNT-000061,2024-03-11,Active
62,CNT-000062,WBD-LEG-2020-00062,Legamaster,SMART Board MX265,18,39,2020-03-03,1050.48,771.16,37,Active,Excellent,192,2025-03-02,False,Asset Legamaster SMART Board MX265 - CNT-000062,2023-05-08,Active
63,CNT-000063,EHD-LAC-2020-00063,LaCie,T7 Shield 2TB,23,3,2020-09-18,188.63,31.0,48,Assigned,Fair,111,2022-09-18,True,Asset LaCie T7 Shield 2TB - CNT-000063,2023-01-27,Active
64,CNT-000064,TAB-APP-2022-00064,Apple,Surface Pro 9,8,42,2022-01-25,1231.9,586.88,18,Active,Poor,114,2024-01-25,True,Asset Apple Surface Pro 9 - CNT-000064,2024-05-18,Active
65,CNT-000065,CHR-KNO-2020-00065,Knoll,Liberty Chair,16,27,2020-06-22,477.82,109.26,32,Active,Poor,178,2025-06-21,False,Asset Knoll Liberty Chair - CNT-000065,2023-02-07,Active
66,CNT-000066,SRV-LEN-2020-00066,Lenovo,ThinkSystem SR650,3,1,2020-02-25,21167.0,10830.67,35,Assigned,Poor,169,2025-02-23,True,Asset Lenovo ThinkSystem SR650 - CNT-000066,2023-02-25,Active
67,CNT-000067,FIL-HIR-2023-00067,Hirsh,Radius Box/Box/File,17,9,2023-08-25,183.55,57.57,29,Retired,Excellent,74,2030-08-23,True,Asset Hirsh Radius Box/Box/File - CNT-000067,2023-05-05,Active
68,CNT-000068,CAM-GEN-2020-00068,Genetec,Wisenet XNV-8300R,21,8,2020-09-01,917.93,160.24,8,Reserved,Good,119,2025-08-31,False,Asset Genetec Wisenet XNV-8300R - CNT-000068,2024-05-25,Active
69,CNT-000069,FIL-HIR-2024-00069,Hirsh,Radius Box/Box/File,17,25,2024-08-16,308.43,166.86,39,Maintenance,Good,49,2031-08-15,False,Asset Hirsh Radius Box/Box/File - CNT-000069,2023-03-13,Active
70,CNT-000070,KBM-HP-2024-00070,HP,Magic Keyboard,25,20,2024-09-09,214.11,69.86,38,Reserved,Excellent,151,2026-09-09,False,Asset HP Magic Keyboard - CNT-000070,2023-06-02,Active
71,CNT-000071,WBD-MIC-2020-00071,Microsoft Surface Hub,Flip Pro 55,18,21,2020-09-25,3082.41,1431.09,45,Active,Poor,49,2025-09-24,False,Asset Microsoft Surface Hub Flip Pro 55 - CNT-000071,2023-08-28,Active
72,CNT-000072,DKT-LEN-2023-00072,Lenovo,Mac Mini M2,2,42,2023-07-13,2477.99,1818.63,32,Active,Good,39,2026-07-12,False,Asset Lenovo Mac Mini M2 - CNT-000072,2024-05-29,Active
73,CNT-000073,HHS-ZEB-2018-00073,Zebra,DS9908,28,42,2018-09-15,215.35,46.37,5,Assigned,Fair,40,2020-09-14,False,Asset Zebra DS9908 - CNT-000073,2023-12-13,Active
74,CNT-000074,CAM-AXI-2024-00074,Axis,QNV-8080R,21,41,2024-11-28,893.71,771.55,49,Assigned,Good,184,2029-11-27,True,Asset Axis QNV-8080R - CNT-000074,2023-02-06,Active
75,CNT-000075,TAB-MIC-2023-00075,Microsoft Surface,Galaxy Tab S9,8,46,2023-02-14,1476.17,1045.56,29,Active,Fair,26,2025-02-13,True,Asset Microsoft Surface Galaxy Tab S9 - CNT-000075,2023-01-30,Active
76,CNT-000076,VCF-CIS-2020-00076,Cisco Webex,Flex UC-P10,11,37,2020-06-14,3028.48,1589.75,12,Active,Good,175,2023-06-14,False,Asset Cisco Webex Flex UC-P10 - CNT-000076,2023-03-22,Active
77,CNT-000077,LBL-DYM-2022-00077,Dymo,H-Class 4,20,17,2022-03-08,422.8,128.19,1,Disposed,Excellent,171,2025-03-07,True,Asset Dymo H-Class 4 - CNT-000077,2023-10-22,Active
78,CNT-000078,SRV-CIS-2022-00078,Cisco UCS,ThinkSystem SR650,3,30,2022-05-21,43481.16,28360.62,13,Assigned,Excellent,78,2027-05-20,True,Asset Cisco UCS ThinkSystem SR650 - CNT-000078,2023-04-20,Active
79,CNT-000079,PRJ-SON-2023-00079,Sony,VPL-FHZ85,13,18,2023-05-01,3922.81,2457.97,37,Lost,Excellent,3,2026-04-30,False,Asset Sony VPL-FHZ85 - CNT-000079,2024-05-23,Active
80,CNT-000080,KBM-MIC-2019-00080,Microsoft,Magic Keyboard,25,47,2019-11-07,174.18,111.86,43,Reserved,Good,197,2021-11-06,True,Asset Microsoft Magic Keyboard - CNT-000080,2023-04-10,Active
81,CNT-000081,UPS-LIE-2022-00081,Liebert,Smart-UPS 1500VA,10,21,2022-06-24,917.64,759.53,27,Active,Good,192,2027-06-23,False,Asset Liebert Smart-UPS 1500VA - CNT-000081,2023-05-16,Active
82,CNT-000082,FIL-HIR-2020-00082,Hirsh,800 Series Pedestal,17,8,2020-08-26,341.84,272.21,5,Active,Good,120,2027-08-25,False,Asset Hirsh 800 Series Pedestal - CNT-000082,2024-02-11,Active
83,CNT-000083,SRV-CIS-2020-00083,Cisco UCS,PowerEdge R750,3,44,2020-09-04,23191.44,14802.23,38,Assigned,Fair,68,2025-09-03,True,Asset Cisco UCS PowerEdge R750 - CNT-000083,2023-04-21,Active
84,CNT-000084,CHR-STE-2022-00084,Steelcase,Generation Chair,16,45,2022-04-21,407.47,309.3,42,Assigned,Good,78,2027-04-20,True,Asset Steelcase Generation Chair - CNT-000084,2023-05-24,Active
85,CNT-000085,DKT-LEN-2018-00085,Lenovo,Mac Mini M2,2,30,2018-02-08,2285.79,476.66,43,Retired,Good,95,2021-02-07,True,Asset Lenovo Mac Mini M2 - CNT-000085,2024-03-05,Active
86,CNT-000086,DSG-PLA-2024-00086,Planar,QM65B,29,3,2024-08-20,2336.52,2012.25,24,Active,Excellent,177,2029-08-19,True,Asset Planar QM65B - CNT-000086,2024-03-31,Active
87,CNT-000087,HHS-DAT-2023-00087,Datalogic,MC3300xR,28,4,2023-06-18,1101.7,678.49,18,Active,Good,102,2025-06-17,True,Asset Datalogic MC3300xR - CNT-000087,2024-04-10,Active
88,CNT-000088,ACS-LEN-2018-00088,Lenel,multiCLASS RP40,22,14,2018-06-08,2969.82,2166.73,49,Maintenance,Good,18,2023-06-07,True,Asset Lenel multiCLASS RP40 - CNT-000088,2023-08-10,Active
89,CNT-000089,VCF-POL-2020-00089,Poly,Room Kit Plus,11,8,2020-03-05,7172.26,5298.95,2,Active,Excellent,170,2023-03-05,True,Asset Poly Room Kit Plus - CNT-000089,2024-01-02,Active
90,CNT-000090,SCN-EPS-2019-00090,Epson,fi-7300NX,19,8,2019-05-02,554.92,242.37,5,Assigned,Excellent,191,2022-05-01,True,Asset Epson fi-7300NX - CNT-000090,2024-01-06,Active
91,CNT-000091,DSK-HER-2023-00091,Herman Miller,Flex Active Frame,15,2,2023-11-17,1033.42,635.21,31,Lost,Poor,16,2030-11-15,True,Asset Herman Miller Flex Active Frame - CNT-000091,2024-03-12,Active
92,CNT-000092,CHR-HUM-2018-00092,Humanscale,Gesture Chair,16,40,2018-06-20,552.17,110.96,38,Maintenance,Fair,163,2023-06-19,False,Asset Humanscale Gesture Chair - CNT-000092,2024-01-26,Active
93,CNT-000093,DSK-HAW-2024-00093,Haworth,Flex Active Frame,15,50,2024-12-04,2190.86,1359.94,47,Lost,Good,142,2031-12-03,False,Asset Haworth Flex Active Frame - CNT-000093,2024-03-16,Active
94,CNT-000094,DSG-LG-2020-00094,LG,UltraView 65,29,28,2020-08-13,2371.95,417.63,43,Active,Fair,81,2025-08-12,False,Asset LG UltraView 65 - CNT-000094,2023-06-06,Active
95,CNT-000095,SRV-DEL-2018-00095,Dell,PowerEdge R750,3,9,2018-07-04,34783.56,13847.94,4,Repair,Good,143,2023-07-03,True,Asset Dell PowerEdge R750 - CNT-000095,2023-12-04,Active
96,CNT-000096,AUD-LOG-2024-00096,Logitech,MXA920,14,23,2024-12-02,777.88,451.43,37,Maintenance,Good,27,2027-12-02,False,Asset Logitech MXA920 - CNT-000096,2023-06-08,Active
97,CNT-000097,TAB-APP-2024-00097,Apple,Surface Pro 9,8,15,2024-09-12,526.37,169.94,36,Disposed,Good,110,2026-09-12,False,Asset Apple Surface Pro 9 - CNT-000097,2023-01-27,Active
98,CNT-000098,LAP-HP-2023-00098,HP,ThinkPad X1 Carbon,1,10,2023-05-11,1747.76,428.42,43,Assigned,Good,145,2025-05-10,True,Asset HP ThinkPad X1 Carbon - CNT-000098,2023-05-26,Active
99,CNT-000099,SRV-SUP-2021-00099,Supermicro,ProLiant DL380 Gen10,3,47,2021-07-15,18635.84,7380.58,50,Repair,Good,84,2026-07-14,True,Asset Supermicro ProLiant DL380 Gen10 - CNT-000099,2023-02-23,Active
100,CNT-000100,NET-UBI-2023-00100,Ubiquiti,Catalyst 9300,6,39,2023-02-09,6925.14,3041.6,27,Active,Good,114,2028-02-08,False,Asset Ubiquiti Catalyst 9300 - CNT-000100,2023-04-27,Active
101,CNT-000101,AUD-JAB-2023-00101,Jabra,Zone 900,14,3,2023-11-19,440.64,279.24,26,Repair,Excellent,57,2026-11-18,True,Asset Jabra Zone 900 - CNT-000101,2023-01-08,Active
102,CNT-000102,UPS-EAT-2024-00102,Eaton,9PX3000RT,10,48,2024-05-10,1842.18,195.61,12,Active,Poor,111,2029-05-09,False,Asset Eaton 9PX3000RT - CNT-000102,2023-08-24,Active
103,CNT-000103,SRV-CIS-2021-00103,Cisco UCS,PowerEdge R750,3,37,2021-01-15,41846.5,33045.68,37,Assigned,Poor,110,2026-01-14,True,Asset Cisco UCS PowerEdge R750 - CNT-000103,2023-10-24,Active
104,CNT-000104,PRJ-EPS-2019-00104,Epson,VPL-FHZ85,13,6,2019-10-15,3412.09,2851.88,7,Active,Poor,112,2022-10-14,True,Asset Epson VPL-FHZ85 - CNT-000104,2024-02-15,Active
105,CNT-000105,PRJ-SON-2019-00105,Sony,VPL-FHZ85,13,8,2019-06-25,1088.46,553.36,33,Active,Fair,136,2022-06-24,True,Asset Sony VPL-FHZ85 - CNT-000105,2023-12-26,Active
106,CNT-000106,TAB-APP-2020-00106,Apple,Galaxy Tab S9,8,42,2020-04-06,1062.64,752.53,12,Disposed,Excellent,20,2022-04-06,False,Asset Apple Galaxy Tab S9 - CNT-000106,2024-04-20,Active
107,CNT-000107,ACS-SOF-2019-00107,Software House,iSTAR Ultra,22,18,2019-08-03,1566.09,947.65,4,Assigned,Good,152,2024-08-01,False,Asset Software House iSTAR Ultra - CNT-000107,2023-03-17,Active
108,CNT-000108,DSK-HAW-2018-00108,Haworth,Flex Active Frame,15,6,2018-06-27,1002.86,617.49,39,Maintenance,Poor,158,2025-06-25,True,Asset Haworth Flex Active Frame - CNT-000108,2024-04-18,Active
109,CNT-000109,DSK-HER-2022-00109,Herman Miller,Antenna Desk,15,7,2022-08-17,716.81,107.16,46,Active,Good,88,2029-08-15,True,Asset Herman Miller Antenna Desk - CNT-000109,2023-06-26,Active
110,CNT-000110,TAB-LEN-2022-00110,Lenovo,ThinkPad X12,8,19,2022-09-20,574.62,228.86,27,Disposed,Fair,100,2024-09-19,False,Asset Lenovo ThinkPad X12 - CNT-000110,2023-02-23,Active
111,CNT-000111,SRV-LEN-2022-00111,Lenovo,PowerEdge R750,3,43,2022-11-13,16365.88,11112.22,10,Assigned,Good,155,2027-11-12,False,Asset Lenovo PowerEdge R750 - CNT-000111,2023-05-25,Active
112,CNT-000112,UPS-LIE-2022-00112,Liebert,9PX3000RT,10,22,2022-12-03,1755.03,704.37,43,Retired,Good,33,2027-12-02,False,Asset Liebert 9PX3000RT - CNT-000112,2023-04-06,Active
113,CNT-000113,FIL-HIR-2020-00113,Hirsh,Series C Lateral,17,50,2020-05-06,768.26,286.86,13,Active,Good,125,2027-05-05,True,Asset Hirsh Series C Lateral - CNT-000113,2023-06-08,Active
114,CNT-000114,UPS-APC-2023-00114,APC,Smart-UPS 1500VA,10,10,2023-06-25,3204.75,1851.7,12,Lost,Good,42,2028-06-23,True,Asset APC Smart-UPS 1500VA - CNT-000114,2024-03-24,Active
115,CNT-000115,AUD-LOG-2021-00115,Logitech,Voyager Focus 2,14,15,2021-10-10,626.67,455.61,16,Active,Excellent,137,2024-10-09,False,Asset Logitech Voyager Focus 2 - CNT-000115,2023-07-18,Active
116,CNT-000116,ACS-HON-2024-00116,Honeywell,OmniAssure,22,11,2024-05-25,1331.06,694.77,39,Active,Fair,52,2029-05-24,False,Asset Honeywell OmniAssure - CNT-000116,2023-02-23,Active
117,CNT-000117,HHS-DAT-2023-00117,Datalogic,MC3300xR,28,11,2023-09-28,324.68,54.25,29,Maintenance,Good,70,2025-09-27,True,Asset Datalogic MC3300xR - CNT-000117,2024-03-23,Active
118,CNT-000118,RCK-VER-2020-00118,Vertiv,BGR Series 42U,30,16,2020-01-14,899.43,451.16,6,Assigned,Good,99,2027-01-12,False,Asset Vertiv BGR Series 42U - CNT-000118,2023-01-29,Active
119,CNT-000119,RCK-APC-2024-00119,APC,N-Type 42U,30,31,2024-03-05,787.27,656.52,9,Disposed,Excellent,179,2031-03-04,True,Asset APC N-Type 42U - CNT-000119,2024-04-04,Active
120,CNT-000120,DSG-SAM-2020-00120,Samsung,QM65B,29,39,2020-04-27,1172.84,999.47,28,Active,Fair,136,2025-04-26,False,Asset Samsung QM65B - CNT-000120,2023-09-01,Active
121,CNT-000121,MON-DEL-2021-00121,Dell,E27 G5,4,32,2021-11-26,822.81,123.62,35,Active,Good,153,2024-11-25,True,Asset Dell E27 G5 - CNT-000121,2023-09-05,Active
122,CNT-000122,UPS-LIE-2022-00122,Liebert,Smart-UPS 1500VA,10,43,2022-06-08,2982.12,745.09,34,Assigned,Good,22,2027-06-07,False,Asset Liebert Smart-UPS 1500VA - CNT-000122,2023-01-21,Active
123,CNT-000123,HHS-MOT-2023-00123,Motorola Solutions,MC3300xR,28,5,2023-07-12,453.65,51.26,16,Retired,Good,89,2025-07-11,True,Asset Motorola Solutions MC3300xR - CNT-000123,2023-12-07,Active
124,CNT-000124,DKT-LEN-2020-00124,Lenovo,XPS Desktop,2,45,2020-11-06,2177.73,1410.62,41,Active,Good,123,2023-11-06,False,Asset Lenovo XPS Desktop - CNT-000124,2023-03-06,Active
125,CNT-000125,DKT-LEN-2018-00125,Lenovo,EliteDesk 800,2,26,2018-04-02,1199.63,417.54,31,Active,Excellent,140,2021-04-01,False,Asset Lenovo EliteDesk 800 - CNT-000125,2023-07-15,Active
126,CNT-000126,PHN-CIS-2020-00126,Cisco,T58A,12,48,2020-02-26,315.61,256.15,25,Assigned,Good,113,2023-02-25,False,Asset Cisco T58A - CNT-000126,2024-05-23,Active
127,CNT-000127,PHN-YEA-2023-00127,Yealink,IP Phone 8861,12,12,2023-07-03,343.77,308.04,19,Assigned,Good,140,2026-07-02,False,Asset Yealink IP Phone 8861 - CNT-000127,2023-03-23,Active
128,CNT-000128,ACS-SOF-2021-00128,Software House,iSTAR Ultra,22,23,2021-10-23,1450.51,945.46,3,Retired,Fair,115,2026-10-22,False,Asset Software House iSTAR Ultra - CNT-000128,2024-03-21,Active
129,CNT-000129,CAM-AXI-2023-00129,Axis,P3245-V,21,44,2023-11-13,672.3,498.09,2,Active,Excellent,41,2028-11-11,True,Asset Axis P3245-V - CNT-000129,2023-02-05,Active
130,CNT-000130,SRV-HP-2020-00130,HP,ThinkSystem SR650,3,29,2020-07-19,6295.41,1402.31,24,Assigned,Good,95,2025-07-18,False,Asset HP ThinkSystem SR650 - CNT-000130,2023-05-21,Active
131,CNT-000131,PRJ-SON-2019-00131,Sony,VPL-FHZ85,13,25,2019-02-01,3074.86,1535.08,8,Active,Fair,144,2022-01-31,True,Asset Sony VPL-FHZ85 - CNT-000131,2024-04-01,Active
132,CNT-000132,LBL-BRO-2019-00132,Brother,H-Class 4,20,46,2019-02-05,696.98,321.75,6,Disposed,Fair,114,2022-02-04,True,Asset Brother H-Class 4 - CNT-000132,2023-12-22,Active
133,CNT-000133,WBD-SAM-2024-00133,Samsung Flip,Flip Pro 55,18,12,2024-03-23,3780.17,2495.58,33,Active,Good,93,2029-03-22,True,Asset Samsung Flip Flip Pro 55 - CNT-000133,2023-07-25,Active
134,CNT-000134,TAB-LEN-2020-00134,Lenovo,iPad Pro 12.9,8,36,2020-09-19,805.8,598.65,40,Active,Good,34,2022-09-19,False,Asset Lenovo iPad Pro 12.9 - CNT-000134,2023-11-13,Active
135,CNT-000135,EHD-SAM-2024-00135,Samsung,T7 Shield 2TB,23,21,2024-07-27,206.48,41.35,5,Assigned,Excellent,165,2026-07-27,True,Asset Samsung T7 Shield 2TB - CNT-000135,2023-12-19,Active
136,CNT-000136,DSG-LG-2021-00136,LG,C651Q,29,10,2021-09-28,749.36,149.37,11,Active,Fair,78,2026-09-27,False,Asset LG C651Q - CNT-000136,2023-08-19,Active
137,CNT-000137,FIL-HIR-2020-00137,Hirsh,Series C Lateral,17,41,2020-04-21,771.63,246.58,40,Maintenance,Good,78,2027-04-20,True,Asset Hirsh Series C Lateral - CNT-000137,2024-05-29,Active
138,CNT-000138,SCN-CAN-2023-00138,Canon,DR-G2110,19,37,2023-10-24,2725.6,1008.73,2,Active,Excellent,11,2026-10-23,True,Asset Canon DR-G2110 - CNT-000138,2023-09-29,Active
139,CNT-000139,KBM-HP-2021-00139,HP,MX Keys S,25,31,2021-11-18,107.93,93.39,44,Assigned,Fair,63,2023-11-18,True,Asset HP MX Keys S - CNT-000139,2024-04-09,Active
140,CNT-000140,EHD-SEA-2021-00140,Seagate,My Passport 4TB,23,10,2021-07-16,182.18,67.8,46,Assigned,Fair,81,2023-07-16,True,Asset Seagate My Passport 4TB - CNT-000140,2024-02-13,Active
141,CNT-000141,KBM-APP-2020-00141,Apple,MX Keys S,25,10,2020-04-15,74.5,34.25,4,Active,Poor,25,2022-04-15,True,Asset Apple MX Keys S - CNT-000141,2024-03-04,Active
142,CNT-000142,HHS-HON-2022-00142,Honeywell,PowerScan 9600DPM,28,33,2022-12-11,389.83,88.68,32,Active,Excellent,120,2024-12-10,True,Asset Honeywell PowerScan 9600DPM - CNT-000142,2023-01-24,Active
143,CNT-000143,PRJ-NEC-2019-00143,NEC,EH515T,13,39,2019-10-12,670.3,217.9,44,Assigned,Fair,168,2022-10-11,True,Asset NEC EH515T - CNT-000143,2023-01-09,Active
144,CNT-000144,AUD-PLA-2023-00144,Plantronics,Zone 900,14,4,2023-06-25,382.28,52.06,36,Active,Fair,146,2026-06-24,True,Asset Plantronics Zone 900 - CNT-000144,2023-10-23,Active
145,CNT-000145,PRJ-NEC-2024-00145,NEC,VPL-FHZ85,13,7,2024-10-22,2638.65,535.46,24,Disposed,Fair,101,2027-10-22,True,Asset NEC VPL-FHZ85 - CNT-000145,2024-01-10,Active
146,CNT-000146,MOB-MOT-2018-00146,Motorola,iPhone 15 Pro,7,34,2018-01-05,999.51,742.81,10,Repair,Good,117,2020-01-05,False,Asset Motorola iPhone 15 Pro - CNT-000146,2023-05-24,Active
147,CNT-000147,RCK-PAN-2021-00147,Panduit,VR3307,30,33,2021-10-24,6819.51,3921.08,35,Assigned,Fair,131,2028-10-22,True,Asset Panduit VR3307 - CNT-000147,2024-05-01,Active
148,CNT-000148,PHN-YEA-2021-00148,Yealink,IP Phone 8861,12,45,2021-10-10,508.54,345.94,2,Repair,Excellent,162,2024-10-09,True,Asset Yealink IP Phone 8861 - CNT-000148,2023-09-29,Active
149,CNT-000149,DCK-DEL-2019-00149,Dell,USB-C Docking Station,24,25,2019-09-21,474.53,341.51,44,Active,Excellent,38,2021-09-20,True,Asset Dell USB-C Docking Station - CNT-000149,2023-04-23,Active
150,CNT-000150,LAP-APP-2021-00150,Apple,MacBook Pro 14,1,50,2021-03-14,2664.35,1141.15,31,Lost,Excellent,157,2023-03-14,True,Asset Apple MacBook Pro 14 - CNT-000150,2023-05-22,Active
151,CNT-000151,WBD-SAM-2022-00151,Samsung Flip,Hub 2S 55,18,35,2022-07-11,4818.08,2253.56,35,Assigned,Fair,88,2027-07-10,True,Asset Samsung Flip Hub 2S 55 - CNT-000151,2024-05-10,Active
152,CNT-000152,TAB-MIC-2019-00152,Microsoft Surface,Surface Pro 9,8,46,2019-05-25,717.9,190.83,21,Assigned,Fair,126,2021-05-24,False,Asset Microsoft Surface Surface Pro 9 - CNT-000152,2023-10-08,Active
153,CNT-000153,MON-VIE-2021-00153,ViewSonic,Optix G27C4,4,10,2021-07-27,545.13,391.65,3,Active,Good,75,2024-07-26,False,Asset ViewSonic Optix G27C4 - CNT-000153,2023-12-21,Active
154,CNT-000154,CAM-HAN-2019-00154,Hanwha,P1448-LE,21,45,2019-04-27,900.15,761.9,9,Active,Good,70,2024-04-25,True,Asset Hanwha P1448-LE - CNT-000154,2023-09-06,Active
155,CNT-000155,ACS-LEN-2018-00155,Lenel,PD-REX,22,44,2018-02-14,1191.79,569.58,9,Active,Good,198,2023-02-13,False,Asset Lenel PD-REX - CNT-000155,2023-06-11,Active
156,CNT-000156,CAM-HIK-2023-00156,Hikvision,P1448-LE,21,42,2023-04-25,1453.09,518.66,50,Active,Good,16,2028-04-23,True,Asset Hikvision P1448-LE - CNT-000156,2023-02-08,Active
157,CNT-000157,AUD-PLA-2024-00157,Plantronics,Evolve2 85,14,19,2024-07-26,446.77,379.44,1,Active,Good,10,2027-07-26,False,Asset Plantronics Evolve2 85 - CNT-000157,2023-12-10,Active
158,CNT-000158,DSK-HAW-2024-00158,Haworth,Sit-to-Stand 7,15,22,2024-09-15,972.96,726.85,47,Assigned,Fair,42,2031-09-14,True,Asset Haworth Sit-to-Stand 7 - CNT-000158,2023-07-10,Active
159,CNT-000159,DCK-LEN-2022-00159,Lenovo,ThinkPad USB-C Dock,24,41,2022-11-25,236.92,139.49,28,Maintenance,Fair,104,2024-11-24,False,Asset Lenovo ThinkPad USB-C Dock - CNT-000159,2023-03-30,Active
160,CNT-000160,ACS-HID-2019-00160,HID,PD-REX,22,25,2019-08-11,2826.73,298.12,29,Disposed,Fair,61,2024-08-09,False,Asset HID PD-REX - CNT-000160,2023-12-04,Active
161,CNT-000161,SCN-FUJ-2023-00161,Fujitsu,WorkForce ES-580W,19,30,2023-06-23,861.65,546.48,11,Assigned,Good,79,2026-06-22,True,Asset Fujitsu WorkForce ES-580W - CNT-000161,2023-11-15,Active
162,CNT-000162,CAM-HAN-2022-00162,Hanwha,QNV-8080R,21,30,2022-04-08,1444.57,697.07,39,Assigned,Poor,192,2027-04-07,True,Asset Hanwha QNV-8080R - CNT-000162,2024-04-27,Active
163,CNT-000163,KBM-MIC-2022-00163,Microsoft,MX Keys S,25,37,2022-08-17,190.75,30.99,4,Lost,Good,29,2024-08-16,True,Asset Microsoft MX Keys S - CNT-000163,2024-06-01,Active
164,CNT-000164,SCN-CAN-2020-00164,Canon,DR-G2110,19,38,2020-09-15,525.47,138.89,6,Maintenance,Excellent,126,2023-09-15,False,Asset Canon DR-G2110 - CNT-000164,2023-02-26,Active
165,CNT-000165,PRN-KON-2021-00165,Konica Minolta,HL-L9310CDW,5,20,2021-10-02,4602.74,2937.53,2,Assigned,Fair,186,2024-10-01,True,Asset Konica Minolta HL-L9310CDW - CNT-000165,2023-01-04,Active
166,CNT-000166,SCN-FUJ-2021-00166,Fujitsu,fi-7300NX,19,5,2021-06-23,378.53,338.9,3,Active,Poor,121,2024-06-22,True,Asset Fujitsu fi-7300NX - CNT-000166,2023-07-04,Active
167,CNT-000167,KBM-HP-2021-00167,HP,Magic Keyboard,25,6,2021-08-28,233.42,93.83,43,Lost,Good,175,2023-08-28,False,Asset HP Magic Keyboard - CNT-000167,2023-05-17,Active
168,CNT-000168,MON-HP-2021-00168,HP,Optix G27C4,4,1,2021-09-05,927.86,258.09,2,Active,Excellent,194,2024-09-04,False,Asset HP Optix G27C4 - CNT-000168,2024-03-10,Active
169,CNT-000169,TST-TEK-2021-00169,Tektronix,TDS3034C,27,47,2021-06-05,4496.92,3822.06,8,Active,Poor,196,2026-06-04,True,Asset Tektronix TDS3034C - CNT-000169,2023-01-17,Active
170,CNT-000170,MOB-APP-2022-00170,Apple,iPhone 15 Pro,7,4,2022-01-15,918.45,608.59,48,Active,Poor,63,2024-01-15,True,Asset Apple iPhone 15 Pro - CNT-000170,2024-03-25,Active
171,CNT-000171,WBD-LEG-2019-00171,Legamaster,Board Pro 55,18,37,2019-09-10,1783.48,1485.85,37,Repair,Fair,82,2024-09-08,False,Asset Legamaster Board Pro 55 - CNT-000171,2023-08-31,Active
172,CNT-000172,DSG-LG-2021-00172,LG,C651Q,29,48,2021-05-09,774.31,664.99,41,Reserved,Poor,45,2026-05-08,True,Asset LG C651Q - CNT-000172,2024-05-22,Active
173,CNT-000173,PHN-GRA-2023-00173,Grandstream,T58A,12,49,2023-07-14,217.15,87.11,31,Active,Good,138,2026-07-13,True,Asset Grandstream T58A - CNT-000173,2023-11-04,Active
174,CNT-000174,SWL-SAP-2022-00174,SAP,Microsoft 365 E3,26,16,2022-07-14,2830.71,586.73,14,Assigned,Good,66,2025-07-13,False,Asset SAP Microsoft 365 E3 - CNT-000174,2024-04-05,Active
175,CNT-000175,SRV-SUP-2018-00175,Supermicro,ProLiant DL380 Gen10,3,5,2018-05-13,31946.88,18603.87,49,Repair,Good,49,2023-05-12,False,Asset Supermicro ProLiant DL380 Gen10 - CNT-000175,2023-08-11,Active
176,CNT-000176,MOB-GOO-2018-00176,Google Pixel,Pixel 8 Pro,7,49,2018-04-07,1173.45,227.48,16,Retired,Good,123,2020-04-06,True,Asset Google Pixel Pixel 8 Pro - CNT-000176,2024-02-11,Active
177,CNT-000177,WBD-SAM-2021-00177,Samsung Flip,Flip Pro 55,18,24,2021-08-18,3524.63,1222.12,32,Assigned,Good,132,2026-08-17,False,Asset Samsung Flip Flip Pro 55 - CNT-000177,2024-04-25,Active
178,CNT-000178,RCK-VER-2020-00178,Vertiv,N-Type 42U,30,10,2020-07-02,4718.94,1307.24,17,Maintenance,Poor,5,2027-07-01,True,Asset Vertiv N-Type 42U - CNT-000178,2023-10-30,Active
179,CNT-000179,MOB-GOO-2021-00179,Google Pixel,Galaxy S24,7,44,2021-10-27,672.01,363.23,17,Disposed,Excellent,87,2023-10-27,False,Asset Google Pixel Galaxy S24 - CNT-000179,2024-05-17,Active
180,CNT-000180,NET-FOR-2019-00180,Fortinet,Aruba 6300M,6,35,2019-12-18,7580.59,6318.57,4,Maintenance,Excellent,165,2024-12-16,True,Asset Fortinet Aruba 6300M - CNT-000180,2023-03-18,Active
181,CNT-000181,KBM-LOG-2019-00181,Logitech,150 Wireless Combo,25,14,2019-11-08,63.59,14.04,30,Assigned,Excellent,130,2021-11-07,False,Asset Logitech 150 Wireless Combo - CNT-000181,2024-05-09,Active
182,CNT-000182,LAP-DEL-2018-00182,Dell,MacBook Air M2,1,19,2018-01-17,2749.92,1453.58,33,Lost,Poor,5,2020-01-17,True,Asset Dell MacBook Air M2 - CNT-000182,2023-07-03,Active
183,CNT-000183,RCK-APC-2019-00183,APC,VR3307,30,18,2019-04-20,4448.42,3345.97,6,Assigned,Poor,102,2026-04-18,True,Asset APC VR3307 - CNT-000183,2024-04-15,Active
184,CNT-000184,EHD-WD-2023-00184,WD,Rugged 4TB,23,3,2023-02-21,298.17,184.84,26,Assigned,Poor,24,2025-02-20,True,Asset WD Rugged 4TB - CNT-000184,2024-05-02,Active
185,CNT-000185,CAM-AXI-2018-00185,Axis,Wisenet XNV-8300R,21,37,2018-08-28,764.08,555.87,34,Active,Good,25,2023-08-27,False,Asset Axis Wisenet XNV-8300R - CNT-000185,2023-08-05,Active
186,CNT-000186,STR-NET-2023-00186,NetApp,AFF A400,9,21,2023-05-18,45953.77,5804.95,14,Repair,Good,5,2028-05-16,True,Asset NetApp AFF A400 - CNT-000186,2024-02-12,Active
187,CNT-000187,UPS-EAT-2022-00187,Eaton,9PX3000RT,10,49,2022-07-22,4513.67,1649.22,9,Disposed,Good,190,2027-07-21,False,Asset Eaton 9PX3000RT - CNT-000187,2024-05-27,Active
188,CNT-000188,DKT-DEL-2019-00188,Dell,Mac Mini M2,2,39,2019-02-11,1749.82,1034.3,50,Assigned,Excellent,102,2022-02-10,False,Asset Dell Mac Mini M2 - CNT-000188,2023-10-07,Active
189,CNT-000189,CHR-HER-2022-00189,Herman Miller,Generation Chair,16,25,2022-07-14,615.75,350.18,50,Repair,Fair,22,2027-07-13,True,Asset Herman Miller Generation Chair - CNT-000189,2023-09-10,Active
190,CNT-000190,SRV-LEN-2021-00190,Lenovo,ProLiant DL380 Gen10,3,21,2021-12-26,30356.04,20998.01,7,Active,Excellent,93,2026-12-25,False,Asset Lenovo ProLiant DL380 Gen10 - CNT-000190,2023-11-12,Active
191,CNT-000191,PHN-YEA-2019-00191,Yealink,IP Phone 8861,12,33,2019-02-06,343.94,187.65,7,Active,Good,105,2022-02-05,True,Asset Yealink IP Phone 8861 - CNT-000191,2023-12-29,Active
192,CNT-000192,LBL-BRO-2018-00192,Brother,H-Class 4,20,36,2018-05-14,371.46,62.32,37,Maintenance,Good,63,2021-05-13,True,Asset Brother H-Class 4 - CNT-000192,2024-01-25,Active
193,CNT-000193,PRN-CAN-2020-00193,Canon,imageRUNNER 1643i,5,27,2020-08-05,787.16,352.44,31,Disposed,Good,77,2023-08-05,False,Asset Canon imageRUNNER 1643i - CNT-000193,2024-01-05,Active
194,CNT-000194,TAB-LEN-2021-00194,Lenovo,Galaxy Tab S9,8,22,2021-02-05,735.12,631.51,25,Disposed,Fair,159,2023-02-05,False,Asset Lenovo Galaxy Tab S9 - CNT-000194,2024-03-26,Active
195,CNT-000195,AUD-PLA-2020-00195,Plantronics,Zone 900,14,26,2020-10-23,240.6,84.53,19,Retired,Excellent,82,2023-10-23,False,Asset Plantronics Zone 900 - CNT-000195,2023-09-06,Active
196,CNT-000196,PRJ-SON-2020-00196,Sony,PA803UL,13,12,2020-02-19,1199.3,1076.75,50,Maintenance,Excellent,175,2023-02-18,True,Asset Sony PA803UL - CNT-000196,2024-04-17,Active
197,CNT-000197,DSK-KNO-2024-00197,Knoll,Flex Active Frame,15,16,2024-07-22,1448.54,878.78,43,Active,Poor,65,2031-07-21,True,Asset Knoll Flex Active Frame - CNT-000197,2024-01-22,Active
198,CNT-000198,DSK-HAW-2022-00198,Haworth,Freefit Height Adj,15,24,2022-09-28,1852.59,990.98,35,Repair,Good,180,2029-09-26,True,Asset Haworth Freefit Height Adj - CNT-000198,2023-04-22,Active
199,CNT-000199,ACS-SOF-2023-00199,Software House,PD-REX,22,42,2023-10-02,1820.69,1121.59,49,Assigned,Poor,103,2028-09-30,True,Asset Software House PD-REX - CNT-000199,2023-04-19,Active
200,CNT-000200,MON-LG-2022-00200,LG,E27 G5,4,15,2022-12-17,757.99,492.79,24,Assigned,Excellent,115,2025-12-16,True,Asset LG E27 G5 - CNT-000200,2024-05-27,Active
201,CNT-000201,PHN-CIS-2018-00201,Cisco,DP720,12,47,2018-05-14,564.25,95.18,23,Active,Fair,37,2021-05-13,True,Asset Cisco DP720 - CNT-000201,2024-04-11,Active
202,CNT-000202,FIL-LOR-2021-00202,Lorell,36W 2-Drawer,17,5,2021-02-15,619.3,286.09,3,Disposed,Good,77,2028-02-14,False,Asset Lorell 36W 2-Drawer - CNT-000202,2023-01-24,Active
203,CNT-000203,CAM-AXI-2023-00203,Axis,Wisenet XNV-8300R,21,36,2023-04-17,426.79,97.35,30,Active,Poor,110,2028-04-15,True,Asset Axis Wisenet XNV-8300R - CNT-000203,2023-07-08,Active
204,CNT-000204,CAM-HIK-2018-00204,Hikvision,P1448-LE,21,28,2018-12-20,1348.03,619.64,1,Retired,Good,100,2023-12-19,False,Asset Hikvision P1448-LE - CNT-000204,2023-07-30,Active
205,CNT-000205,KBM-LOG-2024-00205,Logitech,MX Keys S,25,8,2024-09-06,123.16,31.73,43,Lost,Excellent,68,2026-09-06,False,Asset Logitech MX Keys S - CNT-000205,2023-11-17,Active
206,CNT-000206,LBL-DAT-2020-00206,Datamax,ZD421,20,44,2020-06-28,420.5,100.09,20,Repair,Good,181,2023-06-28,False,Asset Datamax ZD421 - CNT-000206,2023-05-18,Active
207,CNT-000207,MON-HP-2018-00207,HP,ThinkVision P27h,4,27,2018-03-12,893.44,454.46,9,Repair,Poor,153,2021-03-11,True,Asset HP ThinkVision P27h - CNT-000207,2024-03-09,Active
208,CNT-000208,CHR-HER-2021-00208,Herman Miller,Aeron Chair,16,40,2021-05-05,618.07,478.13,23,Active,Excellent,14,2026-05-04,True,Asset Herman Miller Aeron Chair - CNT-000208,2023-05-20,Active
209,CNT-000209,TST-ROH-2021-00209,Rohde & Schwarz,RTH 1002,27,32,2021-11-16,6526.64,5038.0,6,Repair,Excellent,43,2026-11-15,False,Asset Rohde & Schwarz RTH 1002 - CNT-000209,2023-08-14,Active
210,CNT-000210,DKT-LEN-2022-00210,Lenovo,EliteDesk 800,2,50,2022-05-06,2083.41,1151.13,32,Maintenance,Good,197,2025-05-05,True,Asset Lenovo EliteDesk 800 - CNT-000210,2023-04-26,Active
211,CNT-000211,STR-WD-2022-00211,WD,PowerStore 3000T,9,28,2022-01-25,58080.46,31194.01,48,Lost,Good,27,2027-01-24,True,Asset WD PowerStore 3000T - CNT-000211,2023-11-01,Active
212,CNT-000212,DSK-KNO-2024-00212,Knoll,Antenna Desk,15,16,2024-02-15,2217.11,429.92,48,Repair,Fair,54,2031-02-13,True,Asset Knoll Antenna Desk - CNT-000212,2024-03-14,Active
213,CNT-000213,LBL-DYM-2024-00213,Dymo,DYMO LabelWriter 550,20,18,2024-04-26,141.55,53.88,35,Active,Fair,153,2027-04-26,False,Asset Dymo DYMO LabelWriter 550 - CNT-000213,2023-10-27,Active
214,CNT-000214,SCN-EPS-2019-00214,Epson,fi-7300NX,19,9,2019-07-02,2978.96,2364.22,9,Active,Good,180,2022-07-01,True,Asset Epson fi-7300NX - CNT-000214,2023-11-26,Active
215,CNT-000215,KBM-HP-2019-00215,HP,150 Wireless Combo,25,29,2019-10-21,103.74,44.75,41,Disposed,Good,20,2021-10-20,False,Asset HP 150 Wireless Combo - CNT-000215,2024-02-17,Active
216,CNT-000216,EHD-LAC-2021-00216,LaCie,T7 Shield 2TB,23,47,2021-06-19,80.54,57.93,47,Assigned,Fair,24,2023-06-19,False,Asset LaCie T7 Shield 2TB - CNT-000216,2023-03-06,Active
217,CNT-000217,MOB-MOT-2021-00217,Motorola,Galaxy S24,7,37,2021-05-11,1079.84,399.76,37,Lost,Excellent,34,2023-05-11,True,Asset Motorola Galaxy S24 - CNT-000217,2023-12-18,Active
218,CNT-000218,DKT-DEL-2018-00218,Dell,Mac Mini M2,2,28,2018-02-28,900.17,418.77,45,Active,Fair,52,2021-02-27,False,Asset Dell Mac Mini M2 - CNT-000218,2023-06-12,Active
219,CNT-000219,SRV-LEN-2018-00219,Lenovo,ThinkSystem SR650,3,26,2018-06-22,41152.01,9564.55,20,Retired,Good,161,2023-06-21,True,Asset Lenovo ThinkSystem SR650 - CNT-000219,2024-03-15,Active
220,CNT-000220,EHD-SEA-2019-00220,Seagate,One Touch 5TB,23,44,2019-08-03,109.19,30.68,1,Active,Fair,114,2021-08-02,False,Asset Seagate One Touch 5TB - CNT-000220,2023-05-04,Active
221,CNT-000221,EHD-WD-2018-00221,WD,T7 Shield 2TB,23,7,2018-04-13,99.65,74.22,24,Active,Good,81,2020-04-12,True,Asset WD T7 Shield 2TB - CNT-000221,2024-01-27,Active
222,CNT-000222,CAM-GEN-2022-00222,Genetec,P3245-V,21,23,2022-10-01,993.42,229.77,14,Reserved,Good,185,2027-09-30,False,Asset Genetec P3245-V - CNT-000222,2024-02-26,Active
223,CNT-000223,HHS-HON-2018-00223,Honeywell,MC3300xR,28,23,2018-03-25,323.16,221.04,21,Disposed,Good,110,2020-03-24,False,Asset Honeywell MC3300xR - CNT-000223,2023-09-11,Active
224,CNT-000224,CAM-AXI-2022-00224,Axis,Wisenet XNV-8300R,21,45,2022-10-20,1137.53,373.04,43,Active,Good,7,2027-10-19,False,Asset Axis Wisenet XNV-8300R - CNT-000224,2023-07-13,Active
225,CNT-000225,UPS-APC-2021-00225,APC,9PX3000RT,10,5,2021-07-04,1433.08,874.85,1,Assigned,Fair,136,2026-07-03,False,Asset APC 9PX3000RT - CNT-000225,2023-05-16,Active
226,CNT-000226,HHS-MOT-2022-00226,Motorola Solutions,PowerScan 9600DPM,28,50,2022-11-06,962.73,831.38,2,Repair,Good,19,2024-11-05,False,Asset Motorola Solutions PowerScan 9600DPM - CNT-000226,2023-01-15,Active
227,CNT-000227,MOB-APP-2024-00227,Apple,iPhone 15 Pro,7,50,2024-07-17,700.54,469.43,28,Retired,Poor,107,2026-07-17,True,Asset Apple iPhone 15 Pro - CNT-000227,2023-03-26,Active
228,CNT-000228,STR-NET-2018-00228,NetApp,PowerStore 3000T,9,21,2018-09-07,77996.44,17494.73,38,Reserved,Good,101,2023-09-06,False,Asset NetApp PowerStore 3000T - CNT-000228,2023-11-14,Active
229,CNT-000229,DCK-HP-2019-00229,HP,WD22TB4,24,4,2019-02-14,202.19,119.26,43,Retired,Good,80,2021-02-13,True,Asset HP WD22TB4 - CNT-000229,2023-05-03,Active
230,CNT-000230,EHD-WD-2019-00230,WD,One Touch 5TB,23,47,2019-08-12,195.06,141.69,11,Assigned,Good,67,2021-08-11,True,Asset WD One Touch 5TB - CNT-000230,2023-10-03,Active
231,CNT-000231,KBM-LOG-2024-00231,Logitech,Magic Keyboard,25,37,2024-07-09,154.77,48.03,5,Assigned,Excellent,161,2026-07-09,True,Asset Logitech Magic Keyboard - CNT-000231,2024-01-04,Active
232,CNT-000232,CHR-HER-2019-00232,Herman Miller,Generation Chair,16,47,2019-05-25,474.94,265.55,15,Retired,Good,30,2024-05-23,True,Asset Herman Miller Generation Chair - CNT-000232,2023-01-03,Active
233,CNT-000233,HHS-ZEB-2018-00233,Zebra,CT40 XP,28,3,2018-08-12,582.98,128.3,46,Retired,Poor,142,2020-08-11,False,Asset Zebra CT40 XP - CNT-000233,2023-08-18,Active
234,CNT-000234,TAB-LEN-2020-00234,Lenovo,Surface Pro 9,8,4,2020-02-19,810.09,406.37,15,Disposed,Good,46,2022-02-18,False,Asset Lenovo Surface Pro 9 - CNT-000234,2023-02-17,Active
235,CNT-000235,SRV-CIS-2024-00235,Cisco UCS,ThinkSystem SR650,3,24,2024-05-11,8455.42,3935.13,19,Repair,Fair,52,2029-05-10,False,Asset Cisco UCS ThinkSystem SR650 - CNT-000235,2023-09-06,Active
236,CNT-000236,PHN-GRA-2023-00236,Grandstream,VVX 450,12,27,2023-09-25,508.19,112.03,15,Maintenance,Fair,7,2026-09-24,False,Asset Grandstream VVX 450 - CNT-000236,2023-01-10,Active
237,CNT-000237,LAP-APP-2018-00237,Apple,ThinkPad X1 Carbon,1,4,2018-04-17,3454.41,1505.61,46,Active,Good,37,2020-04-16,True,Asset Apple ThinkPad X1 Carbon - CNT-000237,2023-02-14,Active
238,CNT-000238,DSG-PLA-2021-00238,Planar,MultiSync C651Q,29,41,2021-12-03,3113.47,1570.25,5,Repair,Excellent,101,2026-12-02,True,Asset Planar MultiSync C651Q - CNT-000238,2024-03-21,Active
239,CNT-000239,TAB-MIC-2024-00239,Microsoft Surface,Surface Pro 9,8,21,2024-06-26,832.25,637.1,29,Active,Good,82,2026-06-26,True,Asset Microsoft Surface Surface Pro 9 - CNT-000239,2023-03-18,Active
240,CNT-000240,PRN-KON-2019-00240,Konica Minolta,LaserJet M507dn,5,8,2019-02-06,3761.66,1321.2,23,Disposed,Good,138,2022-02-05,False,Asset Konica Minolta LaserJet M507dn - CNT-000240,2024-04-07,Active
241,CNT-000241,DSK-KNO-2018-00241,Knoll,Flex Active Frame,15,45,2018-03-26,1840.72,1400.99,3,Active,Fair,155,2025-03-24,True,Asset Knoll Flex Active Frame - CNT-000241,2023-06-01,Active
242,CNT-000242,EHD-WD-2021-00242,WD,Rugged 4TB,23,12,2021-09-02,228.98,70.56,26,Lost,Excellent,8,2023-09-02,True,Asset WD Rugged 4TB - CNT-000242,2023-09-13,Active
243,CNT-000243,DSK-STE-2018-00243,Steelcase,Sit-to-Stand 7,15,9,2018-01-02,2143.78,1899.5,26,Assigned,Good,51,2024-12-31,True,Asset Steelcase Sit-to-Stand 7 - CNT-000243,2023-09-23,Active
244,CNT-000244,LAP-DEL-2023-00244,Dell,ProBook 450 G10,1,22,2023-08-26,1147.74,945.81,3,Assigned,Excellent,32,2025-08-25,False,Asset Dell ProBook 450 G10 - CNT-000244,2023-06-22,Active
245,CNT-000245,TST-ROH-2018-00245,Rohde & Schwarz,RTH 1002,27,12,2018-07-22,6686.63,2562.01,18,Assigned,Good,71,2023-07-21,True,Asset Rohde & Schwarz RTH 1002 - CNT-000245,2023-02-05,Active
246,CNT-000246,CAM-HAN-2021-00246,Hanwha,P1448-LE,21,9,2021-09-16,279.27,90.43,13,Reserved,Good,108,2026-09-15,True,Asset Hanwha P1448-LE - CNT-000246,2023-09-13,Active
247,CNT-000247,PRJ-SON-2022-00247,Sony,PA803UL,13,25,2022-08-12,3694.37,1854.26,12,Active,Fair,70,2025-08-11,True,Asset Sony PA803UL - CNT-000247,2023-08-13,Active
248,CNT-000248,DSG-NEC-2024-00248,NEC,QM65B,29,15,2024-08-17,2108.45,1195.89,7,Active,Good,41,2029-08-16,True,Asset NEC QM65B - CNT-000248,2023-09-30,Active
249,CNT-000249,KBM-MIC-2020-00249,Microsoft,150 Wireless Combo,25,48,2020-03-06,97.31,34.49,23,Repair,Excellent,179,2022-03-06,True,Asset Microsoft 150 Wireless Combo - CNT-000249,2023-12-27,Active
250,CNT-000250,SCN-CAN-2022-00250,Canon,ADS-2800W,19,15,2022-05-06,1573.22,270.92,15,Active,Good,155,2025-05-05,True,Asset Canon ADS-2800W - CNT-000250,2024-05-04,Active
251,CNT-000251,VCF-POL-2020-00251,Poly,Studio X70,11,21,2020-12-06,11147.2,8643.84,2,Active,Good,16,2023-12-06,False,Asset Poly Studio X70 - CNT-000251,2023-04-24,Active
252,CNT-000252,SRV-LEN-2022-00252,Lenovo,UCS C220 M6,3,11,2022-02-11,17070.61,3570.51,28,Disposed,Excellent,188,2027-02-10,True,Asset Lenovo UCS C220 M6 - CNT-000252,2023-11-21,Active
253,CNT-000253,EHD-LAC-2023-00253,LaCie,My Passport 4TB,23,45,2023-10-27,118.58,40.96,9,Active,Excellent,76,2025-10-26,True,Asset LaCie My Passport 4TB - CNT-000253,2024-02-05,Active
254,CNT-000254,NET-UBI-2024-00254,Ubiquiti,FortiSwitch 148E-POE,6,32,2024-10-08,9774.88,1791.62,22,Retired,Good,37,2029-10-07,False,Asset Ubiquiti FortiSwitch 148E-POE - CNT-000254,2023-09-01,Active
255,CNT-000255,VCF-POL-2024-00255,Poly,Room Kit Plus,11,29,2024-12-22,8210.58,6645.01,17,Active,Good,3,2027-12-22,False,Asset Poly Room Kit Plus - CNT-000255,2023-03-11,Active
256,CNT-000256,STR-NET-2018-00256,NetApp,AFF A400,9,27,2018-07-15,59141.59,51765.54,25,Assigned,Good,127,2023-07-14,True,Asset NetApp AFF A400 - CNT-000256,2024-01-20,Active
257,CNT-000257,TST-ROH-2019-00257,Rohde & Schwarz,TDS3034C,27,2,2019-08-03,12088.32,1531.96,17,Active,Good,82,2024-08-01,True,Asset Rohde & Schwarz TDS3034C - CNT-000257,2023-12-17,Active
258,CNT-000258,DSG-PLA-2023-00258,Planar,C651Q,29,22,2023-02-18,4738.25,4181.19,40,Assigned,Excellent,153,2028-02-17,True,Asset Planar C651Q - CNT-000258,2024-03-17,Active
259,CNT-000259,LBL-DAT-2018-00259,Datamax,DYMO LabelWriter 550,20,45,2018-02-11,243.89,61.46,47,Retired,Good,142,2021-02-10,False,Asset Datamax DYMO LabelWriter 550 - CNT-000259,2023-09-29,Active
260,CNT-000260,UPS-EAT-2018-00260,Eaton,Smart-UPS 1500VA,10,4,2018-07-19,2883.41,1420.83,1,Assigned,Good,93,2023-07-18,False,Asset Eaton Smart-UPS 1500VA - CNT-000260,2023-10-29,Active
261,CNT-000261,MOB-APP-2019-00261,Apple,iPhone 15 Pro,7,8,2019-03-21,704.27,116.59,26,Assigned,Excellent,79,2021-03-20,True,Asset Apple iPhone 15 Pro - CNT-000261,2023-09-29,Active
262,CNT-000262,CAM-HIK-2020-00262,Hikvision,Wisenet XNV-8300R,21,29,2020-07-12,442.56,60.05,17,Active,Fair,120,2025-07-11,True,Asset Hikvision Wisenet XNV-8300R - CNT-000262,2023-03-05,Active
263,CNT-000263,KBM-LOG-2023-00263,Logitech,MX Keys S,25,38,2023-06-26,158.29,138.75,36,Active,Poor,59,2025-06-25,False,Asset Logitech MX Keys S - CNT-000263,2024-03-04,Active
264,CNT-000264,SCN-CAN-2020-00264,Canon,ADS-2800W,19,33,2020-02-13,2727.78,1831.55,34,Disposed,Good,147,2023-02-12,False,Asset Canon ADS-2800W - CNT-000264,2023-05-04,Active
265,CNT-000265,NET-ARU-2024-00265,Aruba,Aruba 6300M,6,44,2024-04-05,1118.8,182.02,13,Lost,Good,112,2029-04-04,False,Asset Aruba Aruba 6300M - CNT-000265,2023-09-22,Active
266,CNT-000266,RCK-APC-2021-00266,APC,NetShelter SX 42U,30,34,2021-09-13,4640.41,3644.11,1,Disposed,Good,118,2028-09-11,True,Asset APC NetShelter SX 42U - CNT-000266,2024-03-05,Active
267,CNT-000267,AUD-PLA-2022-00267,Plantronics,Voyager Focus 2,14,7,2022-10-19,630.86,537.32,50,Active,Fair,145,2025-10-18,False,Asset Plantronics Voyager Focus 2 - CNT-000267,2023-12-19,Active
268,CNT-000268,STR-SEA-2022-00268,Seagate,IronWolf Pro 20TB,9,10,2022-10-16,4922.32,1576.77,39,Reserved,Poor,159,2027-10-15,False,Asset Seagate IronWolf Pro 20TB - CNT-000268,2023-02-09,Active
269,CNT-000269,DSG-NEC-2018-00269,NEC,C651Q,29,2,2018-12-16,4643.76,3796.85,20,Active,Fair,87,2023-12-15,True,Asset NEC C651Q - CNT-000269,2024-05-18,Active
270,CNT-000270,HHS-HON-2020-00270,Honeywell,CT40 XP,28,47,2020-12-15,974.03,347.43,39,Reserved,Good,107,2022-12-15,False,Asset Honeywell CT40 XP - CNT-000270,2023-07-12,Active
271,CNT-000271,MOB-MOT-2024-00271,Motorola,Moto G Power,7,11,2024-09-28,761.74,110.43,20,Retired,Good,17,2026-09-28,True,Asset Motorola Moto G Power - CNT-000271,2024-02-18,Active
272,CNT-000272,KBM-LOG-2019-00272,Logitech,Ergonomic Desktop,25,4,2019-04-27,61.53,7.78,46,Active,Fair,93,2021-04-26,False,Asset Logitech Ergonomic Desktop - CNT-000272,2024-01-13,Active
273,CNT-000273,FIL-LOR-2023-00273,Lorell,Series C Lateral,17,12,2023-01-08,392.1,225.55,38,Maintenance,Fair,122,2030-01-06,True,Asset Lorell Series C Lateral - CNT-000273,2023-12-19,Active
274,CNT-000274,TST-KEY-2020-00274,Keysight,Fluke 87V,27,50,2020-01-13,1219.94,955.28,15,Reserved,Good,55,2025-01-11,False,Asset Keysight Fluke 87V - CNT-000274,2023-07-31,Active
275,CNT-000275,CAM-HIK-2024-00275,Hikvision,P3245-V,21,12,2024-11-01,816.33,168.04,1,Active,Fair,154,2029-10-31,False,Asset Hikvision P3245-V - CNT-000275,2023-11-09,Active
276,CNT-000276,AUD-SHU-2021-00276,Shure,Zone 900,14,40,2021-05-07,426.69,273.83,38,Active,Excellent,102,2024-05-06,False,Asset Shure Zone 900 - CNT-000276,2024-01-19,Active
277,CNT-000277,UPS-APC-2018-00277,APC,GXT5 3000VA,10,17,2018-06-09,3310.8,2612.86,46,Reserved,Fair,168,2023-06-08,True,Asset APC GXT5 3000VA - CNT-000277,2023-07-12,Active
278,CNT-000278,FIL-HON-2024-00278,Hon,Series C Lateral,17,47,2024-10-13,579.34,373.45,42,Assigned,Fair,7,2031-10-12,False,Asset Hon Series C Lateral - CNT-000278,2023-09-23,Active
279,CNT-000279,PRJ-NEC-2022-00279,NEC,PowerLite 2250U,13,46,2022-12-19,3356.05,1256.95,44,Maintenance,Excellent,57,2025-12-18,False,Asset NEC PowerLite 2250U - CNT-000279,2024-01-03,Active
280,CNT-000280,HHS-HON-2020-00280,Honeywell,CT40 XP,28,36,2020-02-16,327.94,100.65,12,Reserved,Fair,196,2022-02-15,True,Asset Honeywell CT40 XP - CNT-000280,2023-04-02,Active
281,CNT-000281,PHN-POL-2021-00281,Poly,T58A,12,8,2021-06-12,267.25,89.59,4,Lost,Good,121,2024-06-11,True,Asset Poly T58A - CNT-000281,2024-04-28,Active
282,CNT-000282,FIL-STE-2022-00282,Steelcase,Radius Box/Box/File,17,9,2022-05-14,185.14,145.04,22,Assigned,Excellent,52,2029-05-12,False,Asset Steelcase Radius Box/Box/File - CNT-000282,2023-05-27,Active
283,CNT-000283,HHS-HON-2021-00283,Honeywell,MC3300xR,28,4,2021-06-21,1186.64,416.19,29,Active,Good,2,2023-06-21,True,Asset Honeywell MC3300xR - CNT-000283,2023-06-22,Active
284,CNT-000284,CHR-STE-2022-00284,Steelcase,Aeron Chair,16,31,2022-07-21,1030.0,456.52,1,Active,Good,99,2027-07-20,False,Asset Steelcase Aeron Chair - CNT-000284,2023-07-24,Active
285,CNT-000285,LAP-LEN-2018-00285,Lenovo,ProBook 450 G10,1,45,2018-11-01,2492.05,745.27,20,Active,Good,89,2020-10-31,False,Asset Lenovo ProBook 450 G10 - CNT-000285,2024-01-28,Active
286,CNT-000286,NET-CIS-2020-00286,Cisco,Catalyst 9300,6,22,2020-05-15,11053.56,6378.96,44,Active,Fair,112,2025-05-14,False,Asset Cisco Catalyst 9300 - CNT-000286,2024-05-16,Active
287,CNT-000287,KBM-MIC-2024-00287,Microsoft,Ergonomic Desktop,25,9,2024-07-01,95.68,65.23,47,Active,Good,55,2026-07-01,True,Asset Microsoft Ergonomic Desktop - CNT-000287,2023-06-23,Active
288,CNT-000288,PHN-CIS-2023-00288,Cisco,DP720,12,4,2023-05-25,390.63,54.25,7,Reserved,Excellent,170,2026-05-24,True,Asset Cisco DP720 - CNT-000288,2023-02-19,Active
289,CNT-000289,AUD-SHU-2018-00289,Shure,MXA920,14,45,2018-09-09,432.08,96.14,41,Active,Fair,176,2021-09-08,True,Asset Shure MXA920 - CNT-000289,2024-03-06,Active
290,CNT-000290,ACS-SOF-2021-00290,Software House,PD-REX,22,8,2021-02-17,2240.67,435.11,7,Assigned,Good,201,2026-02-16,False,Asset Software House PD-REX - CNT-000290,2023-07-24,Active
291,CNT-000291,TST-TEK-2023-00291,Tektronix,DSO-X 3024T,27,14,2023-07-10,2825.42,1521.52,31,Assigned,Good,177,2028-07-08,True,Asset Tektronix DSO-X 3024T - CNT-000291,2023-01-03,Active
292,CNT-000292,ACS-HID-2024-00292,HID,multiCLASS RP40,22,50,2024-10-22,1634.08,1404.58,5,Retired,Good,131,2029-10-21,True,Asset HID multiCLASS RP40 - CNT-000292,2023-09-20,Active
293,CNT-000293,DSK-KNO-2021-00293,Knoll,Antenna Desk,15,19,2021-01-04,2107.67,1684.69,44,Assigned,Poor,93,2028-01-03,True,Asset Knoll Antenna Desk - CNT-000293,2023-04-29,Active
294,CNT-000294,HHS-ZEB-2024-00294,Zebra,MC3300xR,28,29,2024-03-22,847.2,307.47,18,Retired,Good,160,2026-03-22,False,Asset Zebra MC3300xR - CNT-000294,2024-01-17,Active
295,CNT-000295,NET-CIS-2021-00295,Cisco,EX2300-48T,6,31,2021-08-09,12617.77,8225.8,42,Disposed,Good,108,2026-08-08,True,Asset Cisco EX2300-48T - CNT-000295,2023-04-26,Active
296,CNT-000296,EHD-SEA-2018-00296,Seagate,My Passport 4TB,23,29,2018-07-19,186.19,103.36,40,Assigned,Fair,47,2020-07-18,True,Asset Seagate My Passport 4TB - CNT-000296,2023-01-30,Active
297,CNT-000297,CHR-HUM-2021-00297,Humanscale,Gesture Chair,16,1,2021-08-02,407.67,254.38,44,Maintenance,Good,181,2026-08-01,True,Asset Humanscale Gesture Chair - CNT-000297,2023-12-13,Active
298,CNT-000298,AUD-PLA-2020-00298,Plantronics,MXA920,14,36,2020-11-22,548.98,120.18,4,Active,Good,157,2023-11-22,False,Asset Plantronics MXA920 - CNT-000298,2024-06-01,Active
299,CNT-000299,HHS-MOT-2018-00299,Motorola Solutions,CT40 XP,28,4,2018-08-11,440.89,386.27,15,Maintenance,Poor,130,2020-08-10,True,Asset Motorola Solutions CT40 XP - CNT-000299,2024-02-17,Active
300,CNT-000300,SRV-CIS-2024-00300,Cisco UCS,UCS C220 M6,3,21,2024-10-15,8520.79,4249.87,32,Retired,Excellent,31,2029-10-14,False,Asset Cisco UCS UCS C220 M6 - CNT-000300,2023-04-16,Active
301,CNT-000301,AUD-JAB-2024-00301,Jabra,Evolve2 85,14,20,2024-02-26,522.94,311.28,36,Active,Excellent,131,2027-02-25,False,Asset Jabra Evolve2 85 - CNT-000301,2023-12-16,Active
302,CNT-000302,TST-FLU-2024-00302,Fluke,TDS3034C,27,31,2024-08-11,8622.19,5137.16,43,Assigned,Excellent,184,2029-08-10,True,Asset Fluke TDS3034C - CNT-000302,2023-04-27,Active
303,CNT-000303,KBM-MIC-2020-00303,Microsoft,MX Keys S,25,36,2020-06-27,176.73,130.77,24,Retired,Good,134,2022-06-27,True,Asset Microsoft MX Keys S - CNT-000303,2023-02-16,Active
304,CNT-000304,CHR-HER-2018-00304,Herman Miller,Liberty Chair,16,26,2018-05-20,633.07,124.46,30,Lost,Good,56,2023-05-19,True,Asset Herman Miller Liberty Chair - CNT-000304,2023-12-13,Active
305,CNT-000305,KBM-HP-2023-00305,HP,MX Keys S,25,30,2023-11-19,74.64,60.71,38,Maintenance,Good,169,2025-11-18,True,Asset HP MX Keys S - CNT-000305,2024-05-25,Active
306,CNT-000306,FIL-STE-2024-00306,Steelcase,Radius Box/Box/File,17,12,2024-10-16,750.84,544.26,38,Active,Good,178,2031-10-15,False,Asset Steelcase Radius Box/Box/File - CNT-000306,2023-04-17,Active
307,CNT-000307,ACS-SOF-2021-00307,Software House,OmniAssure,22,22,2021-10-23,2358.41,752.04,29,Disposed,Good,76,2026-10-22,False,Asset Software House OmniAssure - CNT-000307,2023-05-22,Active
308,CNT-000308,LBL-BRO-2023-00308,Brother,QL-1110NWB,20,40,2023-12-18,542.81,141.52,19,Reserved,Fair,183,2026-12-17,True,Asset Brother QL-1110NWB - CNT-000308,2023-05-16,Active
309,CNT-000309,FIL-HIR-2024-00309,Hirsh,Series C Lateral,17,43,2024-06-18,462.24,257.24,27,Reserved,Good,182,2031-06-17,False,Asset Hirsh Series C Lateral - CNT-000309,2023-10-20,Active
310,CNT-000310,SWL-MIC-2018-00310,Microsoft,Microsoft 365 E3,26,18,2018-07-05,360.02,52.31,11,Active,Fair,193,2021-07-04,True,Asset Microsoft Microsoft 365 E3 - CNT-000310,2023-05-30,Active
311,CNT-000311,EHD-LAC-2024-00311,LaCie,My Passport 4TB,23,40,2024-09-02,158.91,73.43,48,Maintenance,Good,173,2026-09-02,True,Asset LaCie My Passport 4TB - CNT-000311,2024-02-03,Active
312,CNT-000312,FIL-HIR-2021-00312,Hirsh,Series C Lateral,17,21,2021-07-14,771.86,679.74,4,Active,Fair,142,2028-07-12,False,Asset Hirsh Series C Lateral - CNT-000312,2023-07-27,Active
313,CNT-000313,TST-TEK-2024-00313,Tektronix,DSO-X 3024T,27,47,2024-10-18,11207.53,2882.3,19,Assigned,Good,50,2029-10-17,True,Asset Tektronix DSO-X 3024T - CNT-000313,2023-03-18,Active
314,CNT-000314,NET-UBI-2021-00314,Ubiquiti,Catalyst 9300,6,11,2021-01-14,4547.13,1415.94,17,Active,Fair,150,2026-01-13,True,Asset Ubiquiti Catalyst 9300 - CNT-000314,2024-04-22,Active
315,CNT-000315,DKT-HP-2022-00315,HP,ThinkCentre M90q,2,43,2022-01-25,2371.53,1405.1,32,Disposed,Good,78,2025-01-24,True,Asset HP ThinkCentre M90q - CNT-000315,2024-01-02,Active
316,CNT-000316,SWL-AUT-2019-00316,Autodesk,Adobe Creative Cloud,26,35,2019-09-03,3952.67,899.22,26,Active,Fair,138,2022-09-02,True,Asset Autodesk Adobe Creative Cloud - CNT-000316,2023-08-15,Active
317,CNT-000317,ACS-SOF-2020-00317,Software House,iSTAR Ultra,22,31,2020-05-07,2865.83,1704.09,49,Reserved,Excellent,144,2025-05-06,False,Asset Software House iSTAR Ultra - CNT-000317,2023-04-28,Active
318,CNT-000318,DSK-HER-2018-00318,Herman Miller,Sit-to-Stand 7,15,8,2018-11-11,1200.88,885.01,17,Maintenance,Fair,99,2025-11-09,False,Asset Herman Miller Sit-to-Stand 7 - CNT-000318,2023-01-26,Active
319,CNT-000319,FIL-LOR-2018-00319,Lorell,Radius Box/Box/File,17,7,2018-05-21,275.13,140.62,50,Maintenance,Good,43,2025-05-19,True,Asset Lorell Radius Box/Box/File - CNT-000319,2023-01-08,Active
320,CNT-000320,MOB-SAM-2024-00320,Samsung,Moto G Power,7,48,2024-02-07,876.43,580.37,28,Reserved,Good,199,2026-02-06,True,Asset Samsung Moto G Power - CNT-000320,2023-06-07,Active
321,CNT-000321,DSK-KNO-2018-00321,Knoll,Flex Active Frame,15,5,2018-02-02,773.78,233.32,15,Active,Poor,148,2025-01-31,False,Asset Knoll Flex Active Frame - CNT-000321,2024-02-02,Active
322,CNT-000322,CAM-HIK-2020-00322,Hikvision,P1448-LE,21,42,2020-01-13,1075.29,567.61,40,Active,Excellent,185,2025-01-11,False,Asset Hikvision P1448-LE - CNT-000322,2023-03-16,Active
323,CNT-000323,RCK-APC-2024-00323,APC,N-Type 42U,30,29,2024-11-10,5049.24,1642.08,26,Lost,Excellent,98,2031-11-09,True,Asset APC N-Type 42U - CNT-000323,2024-04-30,Active
324,CNT-000324,WBD-LEG-2023-00324,Legamaster,SMART Board MX265,18,41,2023-07-26,4149.44,2226.5,20,Reserved,Fair,37,2028-07-24,True,Asset Legamaster SMART Board MX265 - CNT-000324,2023-01-12,Active
325,CNT-000325,MON-DEL-2022-00325,Dell,UltraSharp U2722D,4,20,2022-10-13,737.15,632.17,48,Retired,Fair,54,2025-10-12,False,Asset Dell UltraSharp U2722D - CNT-000325,2023-08-05,Active
326,CNT-000326,DSG-LG-2019-00326,LG,C651Q,29,12,2019-04-20,4256.37,1087.34,37,Lost,Excellent,172,2024-04-18,True,Asset LG C651Q - CNT-000326,2024-04-17,Active
327,CNT-000327,UPS-APC-2018-00327,APC,SmartOnline 3000VA,10,23,2018-04-24,3028.8,2608.5,43,Reserved,Good,33,2023-04-23,False,Asset APC SmartOnline 3000VA - CNT-000327,2023-04-13,Active
328,CNT-000328,LBL-ZEB-2020-00328,Zebra,DYMO LabelWriter 550,20,45,2020-08-15,329.84,206.99,10,Repair,Fair,150,2023-08-15,False,Asset Zebra DYMO LabelWriter 550 - CNT-000328,2023-11-20,Active
329,CNT-000329,NET-CIS-2019-00329,Cisco,FortiSwitch 148E-POE,6,24,2019-04-23,11227.34,5039.94,44,Retired,Fair,35,2024-04-21,False,Asset Cisco FortiSwitch 148E-POE - CNT-000329,2024-05-06,Active
330,CNT-000330,DSK-KNO-2021-00330,Knoll,Antenna Desk,15,18,2021-09-04,769.12,450.17,35,Active,Fair,36,2028-09-02,True,Asset Knoll Antenna Desk - CNT-000330,2023-03-20,Active
331,CNT-000331,DSG-SAM-2024-00331,Samsung,QM65B,29,3,2024-10-19,2323.11,1328.89,17,Maintenance,Good,142,2029-10-18,True,Asset Samsung QM65B - CNT-000331,2024-04-28,Active
332,CNT-000332,PHN-GRA-2024-00332,Grandstream,VVX 450,12,33,2024-10-24,535.72,110.95,6,Assigned,Fair,131,2027-10-24,True,Asset Grandstream VVX 450 - CNT-000332,2024-05-29,Active
333,CNT-000333,ACS-LEN-2024-00333,Lenel,PD-REX,22,37,2024-09-05,1504.8,366.14,10,Retired,Excellent,169,2029-09-04,True,Asset Lenel PD-REX - CNT-000333,2024-01-03,Active
334,CNT-000334,TAB-LEN-2018-00334,Lenovo,Galaxy Tab S9,8,34,2018-05-12,657.42,417.38,25,Assigned,Excellent,93,2020-05-11,True,Asset Lenovo Galaxy Tab S9 - CNT-000334,2023-02-17,Active
335,CNT-000335,CAM-HAN-2023-00335,Hanwha,P3245-V,21,17,2023-09-21,1278.54,981.79,35,Repair,Good,149,2028-09-19,False,Asset Hanwha P3245-V - CNT-000335,2024-01-21,Active
336,CNT-000336,PHN-CIS-2021-00336,Cisco,T58A,12,23,2021-04-17,332.63,250.73,31,Repair,Excellent,125,2024-04-16,True,Asset Cisco T58A - CNT-000336,2024-05-28,Active
337,CNT-000337,DSK-HER-2018-00337,Herman Miller,Sit-to-Stand 7,15,11,2018-09-21,989.7,217.92,39,Retired,Good,93,2025-09-19,False,Asset Herman Miller Sit-to-Stand 7 - CNT-000337,2023-08-24,Active
338,CNT-000338,SWL-AUT-2021-00338,Autodesk,Microsoft 365 E3,26,42,2021-11-16,2447.2,1401.35,2,Active,Excellent,106,2024-11-15,True,Asset Autodesk Microsoft 365 E3 - CNT-000338,2023-05-11,Active
339,CNT-000339,PRN-KON-2022-00339,Konica Minolta,LaserJet M507dn,5,34,2022-03-02,1580.83,1324.67,39,Repair,Excellent,104,2025-03-01,True,Asset Konica Minolta LaserJet M507dn - CNT-000339,2023-10-18,Active
340,CNT-000340,MOB-MOT-2024-00340,Motorola,Moto G Power,7,10,2024-08-06,653.55,280.12,50,Active,Good,150,2026-08-06,True,Asset Motorola Moto G Power - CNT-000340,2023-09-28,Active
341,CNT-000341,DCK-LEN-2022-00341,Lenovo,USB-C Docking Station,24,7,2022-10-03,253.42,103.49,13,Maintenance,Good,5,2024-10-02,True,Asset Lenovo USB-C Docking Station - CNT-000341,2024-03-05,Active
342,CNT-000342,LBL-ZEB-2021-00342,Zebra,DYMO LabelWriter 550,20,33,2021-10-20,127.33,92.58,8,Active,Excellent,193,2024-10-19,True,Asset Zebra DYMO LabelWriter 550 - CNT-000342,2023-05-14,Active
343,CNT-000343,DSG-PLA-2020-00343,Planar,UltraView 65,29,31,2020-01-23,2884.17,817.92,25,Assigned,Good,197,2025-01-21,True,Asset Planar UltraView 65 - CNT-000343,2024-03-11,Active
344,CNT-000344,STR-SEA-2024-00344,Seagate,FlashArray//X70,9,17,2024-02-10,48666.8,26036.0,1,Retired,Excellent,49,2029-02-08,True,Asset Seagate FlashArray//X70 - CNT-000344,2023-05-01,Active
345,CNT-000345,PRJ-OPT-2021-00345,Optoma,VPL-FHZ85,13,17,2021-06-04,1041.73,647.19,35,Assigned,Fair,67,2024-06-03,False,Asset Optoma VPL-FHZ85 - CNT-000345,2023-10-10,Active
346,CNT-000346,KBM-MIC-2022-00346,Microsoft,150 Wireless Combo,25,31,2022-09-16,85.74,46.92,20,Repair,Fair,65,2024-09-15,True,Asset Microsoft 150 Wireless Combo - CNT-000346,2024-02-12,Active
347,CNT-000347,HHS-ZEB-2021-00347,Zebra,CT40 XP,28,22,2021-12-06,300.28,152.14,40,Retired,Excellent,141,2023-12-06,False,Asset Zebra CT40 XP - CNT-000347,2023-06-14,Active
348,CNT-000348,CAM-AXI-2024-00348,Axis,P3245-V,21,5,2024-03-16,1403.62,629.25,15,Assigned,Good,68,2029-03-15,False,Asset Axis P3245-V - CNT-000348,2023-02-08,Active
349,CNT-000349,RCK-MID-2023-00349,Middle Atlantic,N-Type 42U,30,41,2023-10-02,7592.87,5741.6,29,Active,Good,127,2030-09-30,True,Asset Middle Atlantic N-Type 42U - CNT-000349,2023-10-20,Active
350,CNT-000350,DKT-HP-2019-00350,HP,XPS Desktop,2,11,2019-11-02,1283.51,800.93,18,Disposed,Poor,23,2022-11-01,False,Asset HP XPS Desktop - CNT-000350,2023-12-28,Active
351,CNT-000351,PRJ-OPT-2023-00351,Optoma,PowerLite 2250U,13,47,2023-12-03,3717.12,2006.03,38,Assigned,Fair,144,2026-12-02,True,Asset Optoma PowerLite 2250U - CNT-000351,2023-10-11,Active
352,CNT-000352,LBL-DYM-2021-00352,Dymo,H-Class 4,20,7,2021-10-01,282.78,120.38,5,Maintenance,Fair,144,2024-09-30,True,Asset Dymo H-Class 4 - CNT-000352,2023-12-15,Active
353,CNT-000353,SWL-AUT-2023-00353,Autodesk,AutoCAD 2024,26,49,2023-08-13,2859.53,2047.35,50,Assigned,Excellent,87,2026-08-12,False,Asset Autodesk AutoCAD 2024 - CNT-000353,2023-01-29,Active
354,CNT-000354,MON-LG-2021-00354,LG,UltraSharp U2722D,4,15,2021-11-26,1194.2,766.12,27,Assigned,Good,81,2024-11-25,False,Asset LG UltraSharp U2722D - CNT-000354,2023-01-10,Active
355,CNT-000355,TAB-MIC-2021-00355,Microsoft Surface,iPad Pro 12.9,8,12,2021-11-24,1303.18,209.58,21,Assigned,Good,122,2023-11-24,True,Asset Microsoft Surface iPad Pro 12.9 - CNT-000355,2023-10-03,Active
356,CNT-000356,DCK-HP-2023-00356,HP,USB-C Docking Station,24,14,2023-04-08,480.94,383.88,13,Lost,Good,59,2025-04-07,True,Asset HP USB-C Docking Station - CNT-000356,2023-12-31,Active
357,CNT-000357,KBM-LOG-2018-00357,Logitech,MX Keys S,25,35,2018-11-22,148.53,15.64,31,Assigned,Fair,11,2020-11-21,False,Asset Logitech MX Keys S - CNT-000357,2024-05-19,Active
358,CNT-000358,CHR-HER-2021-00358,Herman Miller,Generation Chair,16,28,2021-04-25,1280.33,183.5,35,Active,Good,123,2026-04-24,False,Asset Herman Miller Generation Chair - CNT-000358,2023-12-22,Active
359,CNT-000359,HHS-HON-2018-00359,Honeywell,DS9908,28,1,2018-12-17,660.07,429.95,14,Assigned,Good,173,2020-12-16,False,Asset Honeywell DS9908 - CNT-000359,2023-11-30,Active
360,CNT-000360,LBL-BRO-2022-00360,Brother,DYMO LabelWriter 550,20,22,2022-05-08,288.59,250.16,12,Assigned,Poor,94,2025-05-07,False,Asset Brother DYMO LabelWriter 550 - CNT-000360,2023-08-04,Active
361,CNT-000361,EHD-LAC-2024-00361,LaCie,Rugged 4TB,23,37,2024-07-09,179.16,99.82,15,Lost,Good,176,2026-07-09,True,Asset LaCie Rugged 4TB - CNT-000361,2023-10-04,Active
362,CNT-000362,WBD-MIC-2019-00362,Microsoft Surface Hub,Hub 2S 55,18,1,2019-03-26,4828.42,1060.51,27,Assigned,Good,46,2024-03-24,False,Asset Microsoft Surface Hub Hub 2S 55 - CNT-000362,2023-11-20,Active
363,CNT-000363,UPS-TRI-2021-00363,Tripp Lite,Smart-UPS 1500VA,10,17,2021-02-23,1067.71,290.82,41,Active,Excellent,122,2026-02-22,False,Asset Tripp Lite Smart-UPS 1500VA - CNT-000363,2023-12-09,Active
364,CNT-000364,PHN-YEA-2020-00364,Yealink,T58A,12,39,2020-01-14,204.56,162.4,37,Repair,Good,51,2023-01-13,False,Asset Yealink T58A - CNT-000364,2023-06-28,Active
365,CNT-000365,PHN-YEA-2024-00365,Yealink,DP720,12,19,2024-12-15,550.33,222.8,41,Active,Good,119,2027-12-15,False,Asset Yealink DP720 - CNT-000365,2023-12-12,Active
366,CNT-000366,CAM-HIK-2018-00366,Hikvision,P3245-V,21,19,2018-03-11,496.68,175.58,18,Repair,Poor,182,2023-03-10,False,Asset Hikvision P3245-V - CNT-000366,2023-10-05,Active
367,CNT-000367,KBM-APP-2021-00367,Apple,150 Wireless Combo,25,16,2021-03-06,220.84,44.18,17,Retired,Good,170,2023-03-06,True,Asset Apple 150 Wireless Combo - CNT-000367,2023-08-04,Active
368,CNT-000368,PRJ-EPS-2018-00368,Epson,PowerLite 2250U,13,34,2018-08-18,688.39,493.4,6,Active,Fair,196,2021-08-17,True,Asset Epson PowerLite 2250U - CNT-000368,2023-06-09,Active
369,CNT-000369,CAM-HIK-2019-00369,Hikvision,QNV-8080R,21,9,2019-04-24,569.43,342.33,11,Active,Excellent,135,2024-04-22,False,Asset Hikvision QNV-8080R - CNT-000369,2024-01-01,Active
370,CNT-000370,HHS-MOT-2024-00370,Motorola Solutions,DS9908,28,45,2024-09-09,748.55,155.77,12,Repair,Excellent,139,2026-09-09,False,Asset Motorola Solutions DS9908 - CNT-000370,2024-03-21,Active
371,CNT-000371,RCK-PAN-2022-00371,Panduit,BGR Series 42U,30,27,2022-04-26,1171.66,405.74,10,Active,Excellent,67,2029-04-24,True,Asset Panduit BGR Series 42U - CNT-000371,2023-01-01,Active
372,CNT-000372,PHN-YEA-2022-00372,Yealink,DP720,12,31,2022-01-23,564.94,484.47,1,Disposed,Poor,77,2025-01-22,True,Asset Yealink DP720 - CNT-000372,2023-10-27,Active
373,CNT-000373,SWL-MIC-2019-00373,Microsoft,AutoCAD 2024,26,46,2019-07-18,2241.82,672.36,42,Assigned,Poor,189,2022-07-17,False,Asset Microsoft AutoCAD 2024 - CNT-000373,2023-08-14,Active
374,CNT-000374,SRV-CIS-2022-00374,Cisco UCS,ProLiant DL380 Gen10,3,42,2022-10-26,32756.98,10400.08,35,Disposed,Fair,191,2027-10-25,True,Asset Cisco UCS ProLiant DL380 Gen10 - CNT-000374,2024-02-27,Active
375,CNT-000375,HHS-ZEB-2019-00375,Zebra,CT40 XP,28,18,2019-05-04,836.89,497.27,40,Assigned,Good,180,2021-05-03,True,Asset Zebra CT40 XP - CNT-000375,2023-11-25,Active
376,CNT-000376,PRN-HP-2018-00376,HP,bizhub C360i,5,29,2018-03-04,2472.28,494.53,1,Active,Good,187,2021-03-03,True,Asset HP bizhub C360i - CNT-000376,2023-06-04,Active
377,CNT-000377,CHR-HER-2021-00377,Herman Miller,Generation Chair,16,30,2021-05-26,1659.09,1490.48,3,Assigned,Good,179,2026-05-25,True,Asset Herman Miller Generation Chair - CNT-000377,2023-05-30,Active
378,CNT-000378,STR-SEA-2022-00378,Seagate,AFF A400,9,25,2022-08-06,16991.0,13137.98,8,Disposed,Good,4,2027-08-05,False,Asset Seagate AFF A400 - CNT-000378,2024-01-30,Active
379,CNT-000379,TAB-APP-2021-00379,Apple,Galaxy Tab S9,8,14,2021-12-25,503.36,318.53,25,Reserved,Fair,122,2023-12-25,True,Asset Apple Galaxy Tab S9 - CNT-000379,2023-11-27,Active
380,CNT-000380,CAM-AXI-2020-00380,Axis,P3245-V,21,4,2020-08-21,588.46,228.52,14,Active,Good,171,2025-08-20,False,Asset Axis P3245-V - CNT-000380,2024-03-20,Active
381,CNT-000381,LAP-HP-2022-00381,HP,ThinkPad X1 Carbon,1,3,2022-02-13,2930.69,314.01,45,Assigned,Good,149,2024-02-13,True,Asset HP ThinkPad X1 Carbon - CNT-000381,2024-01-16,Active
382,CNT-000382,TAB-SAM-2018-00382,Samsung,ThinkPad X12,8,49,2018-11-20,772.26,676.28,4,Active,Fair,161,2020-11-19,True,Asset Samsung ThinkPad X12 - CNT-000382,2023-06-07,Active
383,CNT-000383,PRN-BRO-2020-00383,Brother,VersaLink C405,5,29,2020-09-26,5263.77,1988.94,13,Active,Poor,188,2023-09-26,True,Asset Brother VersaLink C405 - CNT-000383,2024-01-02,Active
384,CNT-000384,STR-NET-2023-00384,NetApp,IronWolf Pro 20TB,9,13,2023-08-18,24987.74,16432.69,12,Maintenance,Fair,146,2028-08-16,False,Asset NetApp IronWolf Pro 20TB - CNT-000384,2023-11-28,Active
385,CNT-000385,STR-WD-2019-00385,WD,Gold WD201KRYZ,9,17,2019-02-17,14091.99,4742.49,24,Assigned,Excellent,139,2024-02-16,True,Asset WD Gold WD201KRYZ - CNT-000385,2024-01-24,Active
386,CNT-000386,DSG-SAM-2024-00386,Samsung,MultiSync C651Q,29,35,2024-10-08,1943.12,292.78,13,Maintenance,Excellent,100,2029-10-07,False,Asset Samsung MultiSync C651Q - CNT-000386,2023-06-07,Active
387,CNT-000387,VCF-BAR-2018-00387,Barco,Flex UC-P10,11,9,2018-02-17,8418.36,1136.66,3,Active,Good,46,2021-02-16,True,Asset Barco Flex UC-P10 - CNT-000387,2024-05-12,Active
388,CNT-000388,MON-DEL-2023-00388,Dell,Optix G27C4,4,38,2023-07-22,689.91,413.38,4,Assigned,Good,66,2026-07-21,True,Asset Dell Optix G27C4 - CNT-000388,2023-03-14,Active
389,CNT-000389,RCK-VER-2024-00389,Vertiv,BGR Series 42U,30,36,2024-02-15,6507.65,966.78,27,Lost,Fair,191,2031-02-13,False,Asset Vertiv BGR Series 42U - CNT-000389,2023-03-01,Active
390,CNT-000390,FIL-STE-2024-00390,Steelcase,Series C Lateral,17,7,2024-05-03,763.99,663.5,47,Active,Good,26,2031-05-02,True,Asset Steelcase Series C Lateral - CNT-000390,2024-01-30,Active
391,CNT-000391,MOB-SAM-2022-00391,Samsung,Galaxy S24,7,41,2022-12-18,790.63,145.8,23,Reserved,Excellent,148,2024-12-17,True,Asset Samsung Galaxy S24 - CNT-000391,2024-03-13,Active
392,CNT-000392,NET-ARU-2021-00392,Aruba,UniFi Switch Pro 48,6,39,2021-09-11,10034.21,5289.24,23,Assigned,Good,114,2026-09-10,False,Asset Aruba UniFi Switch Pro 48 - CNT-000392,2023-11-29,Active
393,CNT-000393,AUD-SHU-2022-00393,Shure,Zone 900,14,36,2022-04-19,481.94,192.8,17,Assigned,Excellent,191,2025-04-18,False,Asset Shure Zone 900 - CNT-000393,2024-04-03,Active
394,CNT-000394,LAP-DEL-2022-00394,Dell,ThinkPad X1 Carbon,1,1,2022-01-17,1164.73,946.06,15,Active,Fair,77,2024-01-17,False,Asset Dell ThinkPad X1 Carbon - CNT-000394,2023-01-23,Active
395,CNT-000395,RCK-VER-2018-00395,Vertiv,NetShelter SX 42U,30,38,2018-08-12,1670.8,521.27,15,Active,Fair,64,2025-08-10,False,Asset Vertiv NetShelter SX 42U - CNT-000395,2023-04-05,Active
396,CNT-000396,SCN-CAN-2023-00396,Canon,fi-7300NX,19,45,2023-06-26,1551.09,761.0,37,Lost,Good,180,2026-06-25,True,Asset Canon fi-7300NX - CNT-000396,2023-11-04,Active
397,CNT-000397,DCK-KEN-2018-00397,Kensington,USB-C Docking Station,24,28,2018-01-25,300.48,241.54,8,Lost,Good,107,2020-01-25,False,Asset Kensington USB-C Docking Station - CNT-000397,2023-01-12,Active
398,CNT-000398,DKT-LEN-2018-00398,Lenovo,XPS Desktop,2,45,2018-06-18,1673.33,604.85,10,Active,Poor,57,2021-06-17,True,Asset Lenovo XPS Desktop - CNT-000398,2024-04-01,Active
399,CNT-000399,TAB-LEN-2024-00399,Lenovo,Surface Pro 9,8,37,2024-07-05,545.41,90.56,4,Maintenance,Poor,191,2026-07-05,True,Asset Lenovo Surface Pro 9 - CNT-000399,2023-09-26,Active
400,CNT-000400,PRJ-NEC-2024-00400,NEC,EH515T,13,42,2024-03-16,2457.54,1204.9,13,Maintenance,Good,147,2027-03-16,True,Asset NEC EH515T - CNT-000400,2023-09-10,Active
